region_nom_bdd,prefecture_nom_bdd,commune_nom_bdd,canton_nom_bdd,nom_localite,etab_nom,etab_adresse,activite_statut,operateur,lon,lat
Centrale,Sotouboua,Sotouboua 1,Sotouboua,Laowe,Agence Togocom Sotouboua,"Agence Togocom Sotouboua, Laowe",Nsp,Togocom,0.985734376020098,8.561571052152336
Maritime,Golfe,Golfe 4,Amoutivé,Assivito,Agence Togocom Assivito,"Agence Togocom Assivito, Assivito",{Utilise},Togocom,1.221865,6.130468333333332
Centrale,Tchaoudjo,Tchaoudjo 1,Sokodè (Komah),Zongo,Boutique Togocom Tchakala,"Boutique Togocom Tchakala, Zongo, BP244 Sokodé",{Utilise},Togocom,1.1404672575309502,8.98419873591971
Centrale,Tchaoudjo,Tchaoudjo 1,Sokodè (Komah),Barriere,Agence Togocom Sokode,"Agence Togocom Sokode, Barriere, BP333",{Utilise},Togocom,1.1364225484392025,8.995775168282453
Centrale,Tchaoudjo,Tchaoudjo 1,Sokodè (Komah),Komah ,Agence Togocom Franchise Koma,"Agence Togocom Franchise Koma, Komah ",{Utilise},Togocom,1.149767464182392,8.969711814416957
Centrale,Tchamba,Tchamba 1,Tchamba,Iyiwa,Agence Togocom Tchamba,"Agence Togocom Tchamba, Iyiwa, Quartier Atchanve, place de la réconciliation,BP333 Lomé ",{Utilise},Togocom,1.4154333333333333,9.021938333333333
Centrale,Tchamba,Tchamba 3,Kaboli,Kaboli,Franchise Togocom Kaboli,"Franchise Togocom Kaboli, Kaboli",{Utilise},Togocom,1.5930066666666667,8.746319999999999
Centrale,Sotouboua,Sotouboua 1,Sotouboua,Sotouboua,Agence Togocom Sotouboua,"Agence Togocom Sotouboua, Sotouboua, ",{Utilise},Togocom,0.9748136443222274,8.56147247694421
Centrale,Blitta,Blitta 1,Blitta-Village,Blitta Village,Agence Togocom Blitta,"Agence Togocom Blitta, Blitta Village",{Utilise},Togocom,1.0102778708306066,8.3431775078664
Maritime,Golfe,Golfe 6,Baguida,Baguida,Agence Togocom Baguida,"Agence Togocom Baguida, Baguida",{Utilise},Togocom,1.3425133333333332,6.168715
Maritime,Agoè-Nyivé,Agoè-Nyivé 1,Agoè-Nyivé,Agoe Leader Price,Agence Togocom Agoe,"Agence Togocom Agoe, Agoe Leader Price",{Utilise},Togocom,1.210900071561107,6.231077994677203
Maritime,Agoè-Nyivé,Agoè-Nyivé 1,Agoè-Nyivé,Agoe Assiyeye,Franchise Togocom Agoe Assiyeye,"Franchise Togocom Agoe Assiyeye, Agoe Assiyeye, LIBRAIRIE BON PASTEUR",{Utilise},Togocom,1.1990666082427899,6.230627236213058
Maritime,Agoè-Nyivé,Agoè-Nyivé 1,Agoè-Nyivé,Agoe Nyiveme,Franchise Togocom Agoe Nyiveme,"Franchise Togocom Agoe Nyiveme, Agoe Nyiveme",{Utilise},Togocom,1.2061866204763845,6.2209900074794575
Maritime,Agoè-Nyivé,Agoè-Nyivé 1,Agoè-Nyivé,Agoe Plateau,Franchise Togocom Agoe Plateau,"Franchise Togocom Agoe Plateau, Agoe Plateau",Nsp,Togocom,1.1871283333333333,6.21647
Maritime,Agoè-Nyivé,Agoè-Nyivé 3,Vakpossito,Elavagno Kleve,Agence Togocom Elavagno Kleve,"Agence Togocom Elavagno Kleve, Elavagno Kleve",Nsp,Togocom,1.1666036,6.2111736
Maritime,Agoè-Nyivé,Agoè-Nyivé 1,Agoè-Nyivé,Anokui,Franchise Togocom Agoe Anokui,"Franchise Togocom Agoe Anokui, Anokui",{Utilise},Togocom,1.1871983333333334,6.242343333333334
Maritime,Agoè-Nyivé,Agoè-Nyivé 5,Sanguera,Zossime,Agence Togocom Zossime,"Agence Togocom Zossime, Zossime",{Utilise},Togocom,1.149106424593853,6.233276083750482
Maritime,Agoè-Nyivé,Agoè-Nyivé 4,Togblekope,Agoe Zongo,Franchise Togocom Togblekope,"Franchise Togocom Togblekope, Agoe Zongo",{Utilise},Togocom,1.2080261674107036,6.2575874100528965
Maritime,Agoè-Nyivé,Agoè-Nyivé 6,Adétikopé,Adeticope Centre,Franchise Togocom Adeticope,"Franchise Togocom Adeticope, Adeticope Centre",{Utilise},Togocom,1.2177537159215872,6.3173511047052155
Maritime,Agoè-Nyivé,Agoè-Nyivé 1,Agoè-Nyivé,Logope ,Franchise Togocom Bewise,"Franchise Togocom Bewise, Logope , 07BP14544",{Utilise},Togocom,1.1685836153911537,6.241372703033745
Maritime,Agoè-Nyivé,Agoè-Nyivé 2,Légbassito,Legbassito,Franchise Togocom Legbassito,"Franchise Togocom Legbassito, Legbassito",{Utilise},Togocom,1.1549966666666667,6.266943333333334
Maritime,Golfe,Golfe 5,Aflao-Gakli,Adidogome,Agence Togocom Adigome,"Agence Togocom Adigome, Adidogome",{Utilise},Togocom,1.17849303184076,6.176719403333803
Maritime,Golfe,Golfe 7,Aflao-Sagbado,Sagbado,Boutique Togocom Sagbado,"Boutique Togocom Sagbado, Sagbado",{Utilise},Togocom,1.1398874950724767,6.193598287324705
Maritime,Golfe,Golfe 5,Aflao-Gakli,Adidogome Madiba,Agence Togocom Madiba,"Agence Togocom Madiba, Adidogome Madiba, 31BP13 Lomé",{Utilise},Togocom,1.1496116666666665,6.19941
Maritime,Golfe,Golfe 5,Aflao-Gakli,Totsi,Agence Togocom Totsi,"Agence Togocom Totsi, Totsi, BP333",{Utilise},Togocom,1.19183,6.190435
Maritime,Golfe,Golfe 5,Aflao-Gakli,Aflao Gakli ,Agence Togocom Aflao Gakli,"Agence Togocom Aflao Gakll, Aflao Gakli , PB 330",{Utilise},Togocom,1.1997529975220893,6.16972778352689
Maritime,Golfe,Golfe 3,Bè-Ouest,Nukafu,Agence Togocom Nukafu,"Agence Togocom Nukafu, Nukafu",{Utilise},Togocom,1.2344596,6.1644454
Maritime,Golfe,Golfe 4,Amoutivé,Nyekonakpoe,Agence Togocom Place de L'Indépendance,"Agence Togocom Place de L'Indépendance, Nyekonakpoe",{Utilise},Togocom,1.2146216666666667,6.129416666666667
Maritime,Agoè-Nyivé,Agoè-Nyivé 5,Sanguera,Sanguera,Franchise Togocom Sanguera,"Franchise Togocom Sanguera, Sanguera",{Utilise},Togocom,1.1107266666666669,6.2320899999999995
Maritime,Golfe,Golfe 2,Bè-Centre,Hedzranawoe,Agence Togocom Hedzranawoe,"Agence Togocom Hedzranawoe, Hedzranawoe",{Utilise},Togocom,1.2401200000000001,6.1791599999999995
Maritime,Golfe,Golfe 2,Bè-Centre,Aéroport ,Agence Togocom Aéroport,"Agence Togocom Aéroport, Aéroport ",Nsp,Togocom,1.253233822136575,6.170704783267905
Maritime,Golfe,Golfe 1,Bè-Est,Ahadji Kpota,Agence Togocom Ahadji Kpota,"Agence Togocom Ahadji Kpota, Ahadji Kpota",{Utilise},Togocom,1.2843859759132503,6.161972925390809
Maritime,Golfe,Golfe 1,Bè-Est,Port,Agence Togocom Propre Port,"Agence Togocom Propre Port, Port, BP333",{Utilise},Togocom,1.2760933333333333,6.14345
Maritime,Golfe,Golfe 1,Bè-Est,Mono,Agence Togocom Mono,"Agence Togocom Mono, Mono",{Utilise},Togocom,1.2617222599457436,6.136723976258841
Maritime,Zio,Zio 1,Abobo,Gatokope ,Agence Togocom Store Djagble,"Agence Togocom Store Djagble, Gatokope ",Nsp,Togocom,1.2854432486294676,6.265293428880892
Kara,Kozah,Kozah 1,Commune De Kara,Dongoyo,Agence Togocom Dongoyo,"Agence Togocom Dongoyo, Dongoyo",{Utilise},Togocom,1.186815,9.549365
Kara,Bassar,Bassar 1,Bassar,Bassar,Agence Togocom Bassar,"Agence Togocom Bassar, Bassar",{Utilise},Togocom,0.78035,9.25998
Kara,Kéran,Kéran 1,Kantè,Yotouw,Franchise Togocom Kante,"Franchise Togocom Kante, Yotouw",{Utilise},Togocom,1.0493400000000002,9.959168333333334
Kara,Kéran,Kéran 1,Kantè,Mandouta,Agence Togocom Kante,"Agence Togocom Kante, Mandouta",{Utilise},Togocom,1.0550416666666667,9.955556666666666
Kara,Assoli,Assoli 1,Bafilo,Zogo,Agence Togocom Bafilo,"Agence Togocom Bafilo, Zogo",{Utilise},Togocom,1.243980329013687,9.35412840013568
Kara,Dankpen,Dankpen 1,Guérin-Kouka,Guerin Kouka Centre,Agence Togocom Guérin Kouka,"Agence Togocom Guérin Kouka, Guerin Kouka Centre",{Utilise},Togocom,0.6085550000000001,9.687276666666666
Maritime,Zio,Zio 1,Tsévié,Tsevie,Agence Togocom Tsevie,"Agence Togocom Tsevie, Tsevie",{Utilise},Togocom,1.2079766666666667,6.408834999999999
Kara,Bassar,Bassar 3,Kabou,Kabou Marche,Agence Togocom Kabou Marche,"Agence Togocom Kabou Marche, Kabou Marche",{Utilise},Togocom,0.8122702048081362,9.452944931014047
Maritime,Avé,Avé 1,Kévé,Quartier Latin,Agence Togocom Quartier Latin,"Agence Togocom Quartier Latin, Quartier Latin",{Utilise},Togocom,0.9252233333333333,6.43472
Kara,Doufelgou,Doufelgou 1,Niamtougou,Niamtougou,Agence Togocom Niamtougou,"Agence Togocom Niamtougou, Niamtougou, BP220 Lomé",{Utilise},Togocom,1.1079416666666666,9.765661666666666
Maritime,Avé,Avé 1,Assahoun,Kpetoume,Franchise Togocom Kpetoume,"Franchise Togocom Kpetoume, Kpetoume",{Utilise},Togocom,0.914285339800625,6.449476733858452
Maritime,Yoto,Yoto 1,Tabligbo,Tabligbo,Agence Togocom Tabligbo,"Agence Togocom Tabligbo, Tabligbo",{Ferme},Togocom,1.5003568420170923,6.588522752291423
Maritime,Zio,Zio 3,Agbélouvé,Agbelouve Ville ,Franchise Togocom Agbelouve Ville ,"Franchise Togocom Agbelouve Ville , Agbelouve Ville ",{Utilise},Togocom,1.1668566666666667,6.675084999999999
Maritime,Bas-Mono,Bas-Mono 1,Afagnangan,Awassi Onorio,Agence Togocom Awassi Onorio,"Agence Togocom Awassi Onorio, Awassi Onorio",{Utilise},Togocom,1.6287033333333332,6.49556
Maritime,Bas-Mono,Bas-Mono 1,Afagnangan,Awassi Onorio,Boutique Togocom Awassi Onorio,"Boutique Togocom Awassi Onorio, Awassi Onorio",{Ferme},Togocom,1.62298,6.496435000000001
Plateaux,Haho,Haho 4,Wahala,Wahala,Agence Togocom Wahala,"Agence Togocom Wahala, Wahala",{Utilise},Togocom,1.1648266666666667,7.174345
Plateaux,Moyen-Mono,Moyen-Mono 1,Tohoun,Tohoun,Agence Togocom Tohoun,"Agence Togocom Tohoun, Tohoun",{Utilise},Togocom,1.6099366666666668,7.022291666666666
Plateaux,Ogou,Ogou 3,Gléi,Affaire Sociale ,Point de Vente Togocom Glei,"Point de Vente Togocom Glei, Affaire Sociale ",{Utilise},Togocom,1.16454,7.315633333333333
Plateaux,Kloto,Kloto 1,Agome-Kpalime,Djodjokondji,Agence Togocom Djodjokondji,"Agence Togocom Djodjokondji, Djodjokondji",{Utilise},Togocom,0.6346387593291425,6.900210361505778
Plateaux,Kpélé,Kpélé 1,Kpélé-Novivé,Kpele Adeta,Franchise Togocom Kpele Adeta,"Franchise Togocom Kpele Adeta, Kpele Adeta",{Utilise},Togocom,0.7312616666666667,7.131715000000001
Plateaux,Anié,Anié 1,Anié,Anie,Agence Tococom Anie,"Agence Tococom Anie, Anie",{Utilise},Togocom,1.1928466666666668,7.764953333333334
Plateaux,Haho,Haho 3,Kpédomé,Tegbe,Agence Togocom Notse,"Agence Togocom Notse, Tegbe",{Utilise},Togocom,1.1720865663441928,6.964964238966572
Plateaux,Agou,Agou 1,Agou-Tavié,Gadzepe,Agence Togocom Gadzepe,"Agence Togocom Gadzepe, Gadzepe",{Utilise},Togocom,0.716431603393936,6.846996147111316
Savanes,Tône,Tône 1,Dapaong,Napiegou ,Agence Togocom Dapaong,"Agence Togocom Dapaong, Napiegou ",{Utilise},Togocom,0.2034783333333333,10.862998333333334
Savanes,Cinkassé,Cinkassé 1,Cinkassé,Cinkasse ,Agence Togocom Cinkasse,"Agence Togocom Cinkasse, Cinkasse ",{Utilise},Togocom,0.0396640250646777,11.087926289288212
Savanes,Oti-Sud,Oti-Sud 1,Gando,Gando ,Agence Togocom Gando,"Agence Togocom Gando, Gando ",{Utilise},Togocom,0.7468683333333334,10.331795
Savanes,Oti,Oti 1,Mango,Djabou ,Agence Togocom Mango,"Agence Togocom Mango, Djabou ",{Utilise},Togocom,0.465361704808692,10.35530386025091
Centrale,Sotouboua,Sotouboua 1,Sotouboua,Sotouboua,Agence Moov Sotouboua,"Agence Moov Sotouboua, Sotouboua",{Utilise},Moov,0.9770733333333333,8.560676666666666
Centrale,Tchaoudjo,Tchaoudjo 1,Sokodè (Komah),Kossobio,Agence Moov Sokode,"Agence Moov Sokode, Kossobio, 400BP7010/C Direction",{Utilise},Moov,1.1388047548912492,8.989586208250028
Centrale,Blitta,Blitta 1,Blitta-Village,Blitta Sous L'antenne ,Agence Moov Blitta Sous L'Antenne ,"Agence Moov Blitta Sous L'Antenne , Blitta Sous L'Antenne ",{Utilise},Moov,1.0083930421985017,8.339181715780521
Maritime,Agoè-Nyivé,Agoè-Nyivé 1,Agoè-Nyivé,Agoe,Moov Store Agoe,"Moov Store Agoe, Agoe",{Utilise},Moov,1.2093339414432598,6.2217219240318204
Maritime,Golfe,Golfe 6,Baguida,Baguida,Moov Store Baguida,"Moov Store Baguida, Baguida",{Utilise},Moov,1.3379933333333334,6.167401666666666
Maritime,Golfe,Golfe 7,Aflao-Sagbado,Sagbado,Agence Moov Sagbado,"Agence Moov Sagbado, Sagbado",{Utilise},Moov,1.13712,6.1936800000000005
Maritime,Agoè-Nyivé,Agoè-Nyivé 3,Vakpossito,Telessou ,Agence Moov Store Telessou,"Agence Moov Store Telessou, Telessou ",Nsp,Moov,1.1745742061042703,6.213509940345563
Maritime,Golfe,Golfe 5,Aflao-Gakli,Adidoadin,Agence Moov Adidoadin,"Agence Moov Adidoadin, Adidoadin",Nsp,Moov,1.1883008398175776,6.199214219034881
Maritime,Golfe,Golfe 3,Bè-Ouest,Nukafu,Agence Moov Nukafu,"Agence Moov Nukafu, Nukafu",{Utilise},Moov,1.2344614186634568,6.170216280162648
Maritime,Golfe,Golfe 1,Bè-Est,Kpota,Agence Moov Be Kpota,"Agence Moov Be Kpota, Kpota",{Utilise},Moov,1.2552833333333333,6.157663333333333
Maritime,Golfe,Golfe 1,Bè-Est,Ocam,Agence Moov Ocam,"Agence Moov Ocam, Ocam, BP14511 Lomé ",{Utilise},Moov,1.24004,6.130493333333334
Maritime,Golfe,Golfe 4,Amoutivé,Hanoukope,Agence Moov Hanoukope,"Agence Moov Hanoukope, Hanoukope",{Utilise},Moov,1.219526636567681,6.135790653612904
Maritime,Golfe,Golfe 1,Bè-Est,Adakpame,Agence Moov Teddycom Adakpame,"Agence Moov Teddycom Adakpame, Adakpame, 21BP182",{Utilise},Moov,1.2848016666666666,6.159930000000001
Maritime,Golfe,Golfe 1,Bè-Est,Akodessewa,Agence Moov Akodessewa,"Agence Moov Akodessewa, Akodessewa",{Utilise},Moov,1.2537440894895422,6.149535176503007
Maritime,Golfe,Golfe 5,Aflao-Gakli,Adjidogome,Agence Moov Adidogome,"Agence Moov Adidogome, Adjidogome, BP14511 Lomé ",{Utilise},Moov,1.1666133333333333,6.185315000000001
Maritime,Golfe,Golfe 1,Bè-Est,Privilège ,Agence Moov Privilège,"Agence Moov Privilège, Privilège ",{Utilise},Moov,1.2407955937059894,6.152183407357222
Maritime,Zio,Zio 1,Tsévié,Daviemondji,Moov Store Tsevie,"Moov Store Tsevie, Daviemondji",{Utilise},Moov,1.2091516666666666,6.410936666666667
Maritime,Golfe,Golfe 2,Bè-Centre,Aeroport Lome,Agence Moov Aeroport Lome,"Agence Moov Aeroport Lome, Aeroport Lome",{Utilise},Moov,1.2530180124498576,6.170390811463834
Kara,Kozah,Kozah 1,Commune De Kara,Batassoukome,Agence Moov Kara,"Agence Moov Kara, Batassoukome",{Utilise},Moov,1.1884416666666666,9.546851666666667
Kara,Bassar,Bassar 1,Bassar,Bassar,Agence Moov Bassar,"Agence Moov Bassar, Bassar",{Utilise},Moov,0.781485,9.262368333333335
Maritime,Zio,Zio 1,Djagblé,Djagble Centre,Moov Store Djagble Centre,"Moov Store Djagble Centre, Djagble Centre",{Utilise},Moov,1.282715644370347,6.253717219782764
Maritime,Avé,Avé 1,Assahoun,Kpetoume ,Agence Moov Kpetoume ,"Agence Moov Kpetoume , Kpetoume ",{Utilise},Moov,0.9153915164331609,6.448079479499792
Plateaux,Kloto,Kloto 1,Agome-Kpalime,Atakpame Kondji,Agence Moov Atakpame Kondji,"Agence Moov Atakpame Kondji, Atakpame Kondji",{Utilise},Moov,0.6323238302268985,6.912437527210687
Plateaux,Kpélé,Kpélé 1,Kpélé-Novivé,Kpele Adeta ,Moov Store de Kpele Adeta,"Moov Store de Kpele Adeta, Kpele Adeta ",{Utilise},Moov,0.7312633333333333,7.132038333333332
Plateaux,Anié,Anié 1,Anié,Anie,Agence Moov Anie,"Agence Moov Anie, Anie",{Utilise},Moov,1.1934399999999998,7.759781666666667
Plateaux,Haho,Haho 1,Notsé,Tegbe,Agence Moov Notse,"Agence Moov Notse, Tegbe",{Utilise},Moov,1.1710633871826346,6.953371969046462
Savanes,Tône,Tône 1,Dapaong,"Dapaong, Quartier Natebagou",Franchise Moov Dapaong,"Franchise Moov Dapaong, Dapaong, Quartier Natebagou",{Utilise},Moov,0.2028833333333333,10.876091666666666
Savanes,Cinkassé,Cinkassé 1,Cinkassé,Cinkanssé ,Franchise Moov Cinkanssé,"Franchise Moov Cinkanssé, Cinkanssé ",{Utilise},Moov,0.020775,11.097228333333332
