adm2_pcode,adm2_name,adm3_pcode,adm3_name,center_lat,center_lon,area_sqkm
TG0308,Zio,TG030801,Abobo,6.250369,1.34884681,112.23551667
TG0407,Kpele,TG040701,Adeta,7.0917395,0.87068211,202.8479946
TG0309,Agoe-Nyive,TG030901,Adetikope,6.320109,1.2097585,44.32738121
TG0401,Amou,TG040101,Adiva,7.498801,1.01820885,10.53327579
TG0403,Agou,TG040301,Adjahun Fiagbe,6.762418,0.73506917,63.20770563
TG0103,Sotouboua,TG010301,Adjengere,8.688721,0.94175424,292.11041561
TG0411,Anie,TG041101,Adogbenou,7.8131105,1.51940213,639.90896865
TG0403,Agou,TG040302,Adzakpa,6.614559,0.76185626,165.87885505
TG0302,Bas-Mono,TG030201,Afagnan / Afagnagan,6.5041125,1.63203284,112.25715045
TG0104,Tchamba,TG010401,Affem,9.122283,1.520651,163.54681059
TG0303,Golfe,TG030301,Aflao Gakli,6.19743503,1.16788385,11.00436195
TG0101,Blitta,TG010101,Agbandi,8.2485245,1.15118722,241.46550143
TG0205,Doufelgou,TG020501,Agbandi-Yaka,9.6979175,1.09987531,97.05857567
TG0308,Zio,TG030802,Agbelouve,6.725136,1.0640904,452.9506497
TG0304,Lacs,TG030401,Agbodrafo,6.2125395,1.517279,81.48233086
TG0309,Agoe-Nyive,TG030902,Agoenyive,6.2333305,1.20653894,46.60473308
TG0412,Kloto,TG041201,Agome,6.935945,0.61289236,32.44912228
TG0412,Kloto,TG041202,Agome-Tomegbe,6.942733,0.54629601,26.77647324
TG0302,Bas-Mono,TG030202,Agome Glozou/Agbetiko,6.501472,1.68786447,72.98692102
TG0403,Agou,TG040303,Agotime Nord,6.707528,0.68694882,213.62232711
TG0403,Agou,TG040309,Agou-Akplolo,6.918968,0.79349672,45.41306757
TG0403,Agou,TG040304,Agou Agbetiko/Agou Dzidjole,6.925972,0.7341313,68.62937884
TG0403,Agou,TG040305,Agou Atigbe,6.7901165,0.74948677,33.60276265
TG0403,Agou,TG040306,Agou Gadzepe,6.8465325,0.70583193,31.93080442
TG0403,Agou,TG040307,Agou Kebo,6.8685685,0.74171738,18.00283718
TG0403,Agou,TG040308,Agou Yiboe/Kati,6.9065205,0.87802648,109.95967608
TG0304,Lacs,TG030402,Agouegan,6.273966,1.71979261,49.17277933
TG0105,Tchaoudjo,TG010501,Agoulou,9.1922095,1.36480593,264.11904013
TG0408,Moyen-Mono,TG040801,Ahassome,7.2086135,1.514053,133.02016658
TG0307,Yoto,TG030701,Ahepe,6.5699345,1.4236099,95.1523491
TG0404,Danyi,TG040401,Ahlon,7.2787735,0.66391112,51.02680881
TG0407,Kpele,TG040702,Akata,7.045233,0.71976625,89.15192598
TG0301,Ave,TG030101,Akepe,6.2306755,1.07088335,42.7592164
TG0304,Lacs,TG030403,Aklakou,6.3394925,1.71717882,179.99184507
TG0306,Vo,TG030601,Akoumape,6.433624,1.43719233,123.41311181
TG0409,Ogou,TG040901,Akpare,7.453272,1.34743587,276.34673865
TG0206,Keran,TG020601,Akponte,10.1891185,0.9066252,215.70366868
TG0201,Assoli,TG020101,Aledjo,9.2799335,1.16600181,187.60499906
TG0105,Tchaoudjo,TG010502,Aleheride/Amaide,9.155504,1.15884192,243.50860851
TG0104,Tchamba,TG010402,Alibi,8.8126545,1.36419547,538.54306576
TG0205,Doufelgou,TG020502,Aloum,9.77426,0.9710185,164.71835904
TG0401,Amou,TG040102,Amou-Oblo,7.3613215,0.8649412,150.74019863
TG0307,Yoto,TG030702,Amoussime,6.6378225,1.51043821,39.49807428
TG0403,Agou,TG040310,Amoussou Kope,6.661579,0.84432609,137.50501514
TG0303,Golfe,TG030302,Amoutive,6.2187695,1.26591183,23.598666
TG0304,Lacs,TG030404,Aneho,6.238067,1.60710534,17.39448502
TG0304,Lacs,TG030405,Anfoin,6.340102,1.61107313,25.37745704
TG0411,Anie,TG041102,Anie,7.7804875,1.15344413,241.98242515
TG0306,Vo,TG030602,Anyron Kope,6.259088,1.55343911,32.32379531
TG0103,Sotouboua,TG010302,Aouda,8.8622735,0.85838223,785.11560193
TG0301,Ave,TG030102,Assahoun/Ando Peme,6.4986765,0.85115802,377.66242577
TG0406,Haho,TG040601,Assrama,6.9901975,1.45830479,618.2469279
TG0206,Keran,TG020602,Atalote,9.947946,0.8867311,287.75125566
TG0207,Kozah,TG020701,Atchangbade,9.473733,1.10936741,152.07051824
TG0411,Anie,TG041103,Atchinedji,7.579525,1.38843077,411.05115216
TG0101,Blitta,TG010102,Atchintse,7.9794325,0.66583934,176.96687904
TG0406,Haho,TG040602,Atsave,6.8737715,1.31155966,305.8034716
TG0302,Bas-Mono,TG030203,Attitogon,6.4102385,1.64853773,68.97885036
TG0401,Amou,TG040103,Avedje,7.421693,1.12995886,39.13009357
TG0207,Kozah,TG020702,Awandjelo,9.474899,1.19187122,115.51089427
TG0405,Est-Mono,TG040501,Badin,8.2542835,1.54327141,495.51673394
TG0301,Ave,TG030103,Badja,6.3763795,1.01826737,173.55284604
TG0402,Wawa,TG040201,Badou,7.5633725,0.57635075,99.67972411
TG0201,Assoli,TG020102,Bafilo,9.3669465,1.26114582,155.73833688
TG0205,Doufelgou,TG020503,Baga,9.804723,1.10028149,44.35382615
TG0202,Bassar,TG020201,Baghan,8.9820075,0.56207524,473.15921301
TG0104,Tchamba,TG010403,Bago,8.4394075,1.35288278,367.14003544
TG0515,Tandjoare,TG051501,Bagou,10.673332,0.03529779,28.84272315
TG0303,Golfe,TG030303,Baguida,6.1828365,1.3374773,44.69271769
TG0104,Tchamba,TG010404,Balanka,8.8621745,1.60037407,69.73358672
TG0202,Bassar,TG020202,Bangeli,9.408098,0.63594437,207.41211323
TG0204,Dankpen,TG020401,Bapure,9.52316,0.58563667,245.63003314
TG0514,Oti,TG051401,Barkoissi,10.584106,0.32986982,51.32388177
TG0202,Bassar,TG020203,Bassar,9.210879,0.85800527,1285.57790891
TG0517,Cinkasse,TG051701,Biankouri,11.024749,0.05302916,36.75505652
TG0516,Tone,TG051601,Bidjenga,10.6997645,0.30357958,42.91778032
TG0202,Bassar,TG020204,Bitchabe,9.3062595,0.5921063,150.30261516
TG0101,Blitta,TG010104,Blitta-Gare,8.3300805,0.97934442,107.69203187
TG0101,Blitta,TG010103,Blitta Village,8.3272415,1.02893618,62.74797698
TG0517,Cinkasse,TG051702,Boade,11.108355,-0.05601728,25.04098877
TG0103,Sotouboua,TG010303,Bodjonde,8.442927,1.03279313,57.49714644
TG0515,Tandjoare,TG051502,Bogou,10.649995,0.14981096,57.52850037
TG0207,Kozah,TG020703,Bohou,9.596143,1.16468957,17.59177619
TG0308,Zio,TG030803,Bolou Kpeta,6.44595,1.12974679,75.17100293
TG0515,Tandjoare,TG051503,Bombouaka,10.717816,0.22336043,64.00603523
TG0513,Kpendjal,TG051301,Borgou,10.762763,0.62208454,630.94795851
TG0203,Binah,TG020301,Boufale,9.8547775,1.32313799,55.44773884
TG0201,Assoli,TG020103,Boulade,9.401495,1.21946721,71.13673046
TG0515,Tandjoare,TG051504,Boulogou,10.642865,0.27392014,39.50900768
TG0102,Plaine du Mo,TG010201,Boulohou,8.6852175,0.66243437,343.72523994
TG0517,Cinkasse,TG051703,Cinkasse,11.0828045,0.04032119,34.0791149
TG0306,Vo,TG030603,Dagbati,6.487658,1.5049104,96.54854893
TG0201,Assoli,TG020104,Dako/Daoude,9.3555415,1.05143997,250.51482682
TG0308,Zio,TG030804,Dalave,6.3419855,1.27370846,103.47654966
TG0406,Haho,TG040603,Dalia,6.817003,1.18224255,158.84354598
TG0404,Danyi,TG040403,Danyi-Kakpa,7.1625165,0.64541436,88.41113515
TG0404,Danyi,TG040402,Danyi Kpeto-Evita,7.2616505,0.74323575,46.63012606
TG0516,Tone,TG051602,Dapaong,10.880235,0.19746596,165.31597873
TG0409,Ogou,TG040902,Datcha,7.4069995,1.18572572,98.1093104
TG0308,Zio,TG030805,Davie,6.3561175,1.16549058,69.94209047
TG0205,Doufelgou,TG020504,Defale,9.8860155,1.07934099,68.40373176
TG0101,Blitta,TG010105,Diguengue,8.0641155,0.63998792,97.867113
TG0101,Blitta,TG010106,Dikpeleou,8.183186,0.61447923,27.19956181
TG0202,Bassar,TG020205,Dimori,9.170561,0.57314702,284.1622148
TG0308,Zio,TG030806,Djagble,6.2388635,1.2881106,32.67444796
TG0207,Kozah,TG020704,Djamde,9.490575,1.03201031,157.00643847
TG0102,Plaine du Mo,TG010202,Djarkpanga,8.779051,0.52168898,294.45483295
TG0406,Haho,TG040604,Djemegni,7.0311175,1.3160669,203.60055166
TG0410,Akebou,TG041001,Djon,7.7387945,0.80549589,187.394431
TG0101,Blitta,TG010107,Doufouli,8.3049165,0.90768357,144.82694129
TG0515,Tandjoare,TG051505,Doukpergou,10.635806,0.05960501,64.94575532
TG0402,Wawa,TG040202,Doume,7.5563435,0.77746771,58.39055864
TG0301,Ave,TG030104,Dzolo,6.380591,0.90563391,123.4217079
TG0306,Vo,TG030604,Dzrekpo,6.4402515,1.56889204,57.58431778
TG0401,Amou,TG040104,Ekpegnon,7.307489,0.97933512,142.15177543
TG0405,Est-Mono,TG040502,Elavagnon,7.951309,1.34260311,289.61591573
TG0404,Danyi,TG040404,Elavagnon/Atigba,7.2695515,0.69932985,192.72190878
TG0307,Yoto,TG030703,Esse Godjin,6.7144905,1.54500252,77.18600385
TG0401,Amou,TG040105,Evou,7.524058,1.02273753,39.9581071
TG0514,Oti,TG051402,Fare,10.1739515,0.38409272,48.89351522
TG0103,Sotouboua,TG010304,Fazao,8.7494845,0.78892313,308.47450577
TG0403,Agou,TG040311,Gadja,6.803169,0.84803928,207.46754634
TG0514,Oti,TG051403,Galangashie,10.485587,0.34012209,445.64436057
TG0308,Zio,TG030807,Game,6.748451,1.16453913,208.40690193
TG0401,Amou,TG040106,Game,7.771153,1.06801705,340.84807436
TG0304,Lacs,TG030406,Ganave/Fiata,6.3263905,1.63842395,22.93776515
TG0519,Oti-Sud,TG051901,Gando,10.295577,0.78420746,351.65102478
TG0308,Zio,TG030809,Gape-Centre,6.6020945,1.07264145,262.14839081
TG0308,Zio,TG030808,Gape Kpodji,6.708993,0.94511796,111.38099797
TG0405,Est-Mono,TG040503,Gbadjahe,7.8529635,1.34766003,164.63660748
TG0407,Kpele,TG040703,Gbaladze,7.212238,0.76220256,32.94298358
TG0412,Kloto,TG041203,Gbalave,6.867997,0.59558739,20.35007374
TG0308,Zio,TG030810,Gbatope,6.4873215,1.28365465,269.83147349
TG0410,Akebou,TG041002,Gbende,7.76183,0.68044707,110.44042057
TG0308,Zio,TG030811,Gblainvie,6.497109,1.11177847,111.24522254
TG0307,Yoto,TG030704,Gboto,6.7166405,1.48255648,60.35619288
TG0409,Ogou,TG040903,Glei,7.2810905,1.24406962,455.49961696
TG0304,Lacs,TG030407,Glidji,6.2709135,1.60575814,40.04226344
TG0411,Anie,TG041104,Glitto,7.6021915,1.56282627,329.67837578
TG0409,Ogou,TG040904,Gnagna,7.5037845,1.16031023,76.22693236
TG0517,Cinkasse,TG051704,Gnoaga,11.111916,-0.09657142,5.85951685
TG0402,Wawa,TG040203,Gobe/Eketo/Gbadi N'Kugna,7.454922,0.75501099,368.03074071
TG0104,Tchamba,TG010405,Goubi,8.6302145,1.50340079,154.33528576
TG0517,Cinkasse,TG051705,Gouloungoussi,11.117492,-0.12001425,15.00109089
TG0515,Tandjoare,TG051506,Goundoga,10.7145015,0.16995958,33.71896761
TG0407,Kpele,TG040704,Govie,7.1548805,0.74436355,43.74019724
TG0204,Dankpen,TG020402,Guerin-Kouka,9.729194,0.56844487,441.03967507
TG0306,Vo,TG030605,Hahotoe,6.3964085,1.38973692,38.92518801
TG0412,Kloto,TG041204,Hanyigba,6.898516,0.60118267,34.24041928
TG0206,Keran,TG020603,Helota,9.9136215,0.74515651,201.44932607
TG0401,Amou,TG040107,Hiheatro,7.581222,1.04808401,221.32544293
TG0302,Bas-Mono,TG030204,Hompou,6.4188905,1.71718071,40.08802423
TG0409,Ogou,TG040905,Houdou,7.6041065,1.1774126,67.48655252
TG0401,Amou,TG040108,Imle,7.4623525,0.99325036,95.7897072
TG0104,Tchamba,TG010406,Kaboli,8.5985825,1.35914417,935.54111888
TG0202,Bassar,TG020206,Kabou,9.507899,0.78489463,388.4234365
TG0105,Tchaoudjo,TG010503,Kadambara,8.8192765,1.24475762,323.92108263
TG0205,Doufelgou,TG020505,Kadjalla,9.8031745,0.93883608,100.9149605
TG0102,Plaine du Mo,TG010203,Kagnigbara,8.9020805,0.64652576,235.54573333
TG0202,Bassar,TG020207,Kalanga,9.2734475,0.67252288,122.49660587
TG0407,Kpele,TG040705,Kame,7.229914,0.85264315,75.58346203
TG0405,Est-Mono,TG040504,Kamina,8.101369,1.56810809,581.69319712
TG0410,Akebou,TG041003,Kamina,7.93551,0.91509588,358.08055235
TG0206,Keran,TG020604,Kande,9.976506,1.07890567,282.69426768
TG0103,Sotouboua,TG010305,Kaniamboua,8.604154,1.00262794,31.93987984
TG0516,Tone,TG051603,Kantindi,10.91796,0.26895922,82.8000414
TG0204,Dankpen,TG020403,Katchamba,9.8740735,0.51456723,135.6674787
TG0101,Blitta,TG010108,Katchenke,8.253238,0.69626505,115.38520462
TG0408,Moyen-Mono,TG040802,Katome,7.3725795,1.61528325,24.0583501
TG0409,Ogou,TG040906,Katore,7.383606,1.31635783,277.38161312
TG0103,Sotouboua,TG010306,Kazaboua,8.420729,1.14280383,202.56353899
TG0105,Tchaoudjo,TG010504,Kemeni,9.1958185,1.2783,117.16222311
TG0203,Binah,TG020302,Kemerida,9.6171045,1.3493335,44.31056683
TG0402,Wawa,TG040204,Kessibo,7.640493,0.61540835,107.66663866
TG0203,Binah,TG020303,Ketao,9.6727615,1.32053667,48.82683483
TG0301,Ave,TG030105,Keve,6.478304,1.01955256,105.78303589
TG0204,Dankpen,TG020404,Kidjaboun,9.7710575,0.44159775,340.62671867
TG0307,Yoto,TG030705,Kini-Kondji,6.5853885,1.54829289,29.31897559
TG0402,Wawa,TG040205,Klabe Efoukpa,7.6021335,0.73730889,196.44389187
TG0101,Blitta,TG010109,Koffiti,8.020972,1.14081409,182.82961489
TG0205,Doufelgou,TG020506,Koka,9.789666,1.14633846,19.74790731
TG0105,Tchaoudjo,TG010505,Kolina,9.0832715,1.17894132,110.34050447
TG0411,Anie,TG041105,Kolokope,7.765361,1.29423019,224.20016547
TG0105,Tchaoudjo,TG010506,Komah,8.996462,1.16250722,95.50859639
TG0516,Tone,TG051604,Korbongou,10.945408,0.32087691,92.69024857
TG0410,Akebou,TG041004,Kougnohou,7.6911035,0.81062451,96.48751882
TG0204,Dankpen,TG020405,Koulfiekou,9.9347875,0.41119336,167.93817176
TG0412,Kloto,TG041205,Kouma,6.98502,0.57993732,59.88871052
TG0207,Kozah,TG020705,Koumea,9.713715,1.20418464,50.77520106
TG0201,Assoli,TG020105,Koumonde,9.2799335,1.27996485,58.65125951
TG0519,Oti-Sud,TG051902,Koumongou,10.159242,0.5004213,115.78858281
TG0513,Kpendjal,TG051302,Koundjoare,10.9275,0.6408151,225.79584901
TG0519,Oti-Sud,TG051903,Kountoire,10.089755,0.62816625,241.61246141
TG0516,Tone,TG051605,Kourientre,11.0065525,0.23350296,41.99613422
TG0104,Tchamba,TG010407,Koussountou,8.8473625,1.49189538,470.07729505
TG0204,Dankpen,TG020406,Koutchitcheou,9.626668,0.76722978,43.17752585
TG0206,Keran,TG020605,Koutougou,10.0600605,1.21473151,179.74854496
TG0307,Yoto,TG030706,Kouve,6.724689,1.4022068,317.66625095
TG0308,Zio,TG030812,Kovie,6.3331795,1.08878846,48.34605211
TG0412,Kloto,TG041206,Kpadape,6.8009835,0.59968711,65.80110344
TG0205,Doufelgou,TG020507,Kpaha,9.918094,1.14090286,100.75308972
TG0410,Akebou,TG041005,Kpalave,7.832448,0.83936848,95.06504915
TG0105,Tchaoudjo,TG010507,Kpangalam,9.0958355,1.03940413,284.18731645
TG0105,Tchaoudjo,TG010508,Kparatao,8.9493685,1.24270111,142.0433809
TG0105,Tchaoudjo,TG010509,Kpassouade,9.039479,1.31353781,80.89558582
TG0401,Amou,TG040109,Kpategan,7.360128,1.04705527,179.36748937
TG0406,Haho,TG040605,Kpedome,7.071503,1.11320004,598.09111608
TG0406,Haho,TG040606,Kpegnon/Haito,7.187081,0.9940611,161.64913097
TG0408,Moyen-Mono,TG040803,Kpekpleme,7.3007125,1.58717434,97.80843708
TG0407,Kpele,TG040706,Kpele-Centre,7.180428,0.84874027,114.70026183
TG0407,Kpele,TG040707,Kpele-Dawlotou,7.0136365,0.84043889,246.24444989
TG0407,Kpele,TG040708,Kpele-Dutoe,7.261518,0.8966666,29.65514203
TG0407,Kpele,TG040709,Kpele-Nord,7.2898355,0.869168,95.46570991
TG0518,Naki-Ouest,TG051801,Kpendjaga / Papri,10.9937475,0.42424631,47.89149136
TG0405,Est-Mono,TG040505,Kpessi,8.1172915,1.30250948,242.47174788
TG0402,Wawa,TG040206,Kpete Bena,7.438855,0.57934915,123.87617207
TG0302,Bas-Mono,TG030205,Kpetsou,6.5403915,1.58603307,35.1716949
TG0412,Kloto,TG041207,Kpime,7.008336,0.63285968,70.57952725
TG0308,Zio,TG030813,Kpome,6.339109,1.34204796,82.50004376
TG0104,Tchamba,TG010408,Kri-Kri,9.2061325,1.45717845,137.52206254
TG0207,Kozah,TG020706,Lama,9.591018,1.19489025,71.01199063
TG0203,Binah,TG020304,Lama-Dessi,9.7297905,1.26170989,39.88286514
TG0105,Tchaoudjo,TG010510,Lama-Tessi,8.870509,1.08031773,469.86990034
TG0207,Kozah,TG020707,Landa,9.6679565,1.27208708,31.89149616
TG0207,Kozah,TG020708,Landa-Pozenda/Kpinzinde,9.494204,1.28570414,146.50040617
TG0101,Blitta,TG010110,Langabou,8.1394155,1.16451933,225.58189205
TG0104,Tchamba,TG010409,Larni,9.086152,1.42174337,75.47808576
TG0207,Kozah,TG020709,Lassa,9.608007,1.23401773,67.0008606
TG0412,Kloto,TG041208,Lavie/ Apedome,7.032039,0.65056944,83.51006711
TG0309,Agoe-Nyive,TG030903,Legbassito,6.266788,1.14797176,24.03144563
TG0205,Doufelgou,TG020508,Leon,9.6860495,0.93049003,78.5804129
TG0514,Oti,TG051404,Loko,10.5111295,0.22895824,78.9787881
TG0515,Tandjoare,TG051507,Loko,10.595282,0.25195911,33.12940845
TG0515,Tandjoare,TG051508,Lokpano,10.594893,0.11913572,71.6258994
TG0305,Lome Commune,TG030501,Lome Commune,6.15666383,1.24556024,104.57055
TG0516,Tone,TG051606,Lotogou/Warkambou,10.8304695,-0.00793308,122.6384719
TG0516,Tone,TG051607,Louanga,10.889621,0.33237456,65.32923762
TG0101,Blitta,TG010111,M'Poti,8.3045665,0.80184987,264.64134095
TG0515,Tandjoare,TG051509,Mamproug,10.6694205,-0.03167076,99.34828477
TG0513,Kpendjal,TG051303,Mandouri,10.885635,0.80339601,372.9438971
TG0202,Bassar,TG020208,Manga,9.5655165,0.7045408,73.99154392
TG0514,Oti,TG051405,Mango,10.3597985,0.4361702,341.26365717
TG0205,Doufelgou,TG020509,Massedena,9.9713175,1.25455257,89.51140067
TG0308,Zio,TG030814,Mission-Tove,6.300966,1.12641845,56.52374973
TG0519,Oti-Sud,TG051904,Mogou,10.4521835,0.65546863,429.8487155
TG0306,Vo,TG030606,Mome-Hounkpati,6.502912,1.55479811,42.03791153
TG0405,Est-Mono,TG040506,Moretan,8.199399,1.40608624,738.25204025
TG0517,Cinkasse,TG051706,Nadjoundi,10.99867,0.19407213,27.7251985
TG0206,Keran,TG020606,Nadoba,10.140751,1.05556653,200.61413622
TG0514,Oti,TG051406,Nagbeni,10.624315,0.44480919,152.82690267
TG0518,Naki-Ouest,TG051802,Naki-Est,10.727854,0.36684609,267.0533836
TG0516,Tone,TG051608,Naki-Ouest,10.917929,0.06218005,102.61215061
TG0519,Oti-Sud,TG051905,Nali,10.052864,0.49013636,322.81509301
TG0516,Tone,TG051609,Namare,10.9706955,0.07232126,51.67101322
TG0204,Dankpen,TG020407,Namon,9.6956505,0.80803007,141.89661729
TG0518,Naki-Ouest,TG051803,Namoundjoga,10.8984285,0.44563405,197.33483536
TG0204,Dankpen,TG020408,Nampoch,9.8183765,0.66274196,123.24542845
TG0515,Tandjoare,TG051510,Nandoga,10.6344155,0.22949759,47.36131426
TG0204,Dankpen,TG020409,Nandouta,9.5176335,0.39241666,358.47275677
TG0516,Tone,TG051610,Nanergou,10.926721,0.14447621,55.35042773
TG0515,Tandjoare,TG051511,Nano,10.696531,0.09591717,64.05930247
TG0204,Dankpen,TG020410,Natchibore,9.81733,0.78173025,182.02539185
TG0204,Dankpen,TG020411,Natchitikpi,9.724028,0.71328196,127.07827984
TG0516,Tone,TG051611,Natigou,10.987321,0.26402906,23.72926697
TG0204,Dankpen,TG020412,Naware,9.6101805,0.47223812,234.14623215
TG0518,Naki-Ouest,TG051804,Nayega,10.7426595,0.41588119,27.09878879
TG0205,Doufelgou,TG020510,Niamtougou,9.7093655,1.02574452,109.15117224
TG0516,Tone,TG051612,Nioukpourma,10.8380545,0.13685355,75.90694517
TG0301,Ave,TG030106,Noepe,6.277793,1.03944995,37.3412055
TG0406,Haho,TG040607,Notse,6.926579,1.05355835,560.26376764
TG0405,Est-Mono,TG040507,Nyamassila,7.9645215,1.20081982,140.46322381
TG0518,Naki-Ouest,TG051805,Ogaro,10.7739815,0.47819253,116.78989693
TG0409,Ogou,TG040907,Ogou,7.6274035,1.26142424,248.58167434
TG0402,Wawa,TG040207,Okou,7.5675905,0.84132725,125.30312074
TG0401,Amou,TG040110,Okpahoe,7.6196775,1.01006244,15.17900617
TG0206,Keran,TG020607,Ossacre,10.068803,0.74346444,270.62620699
TG0401,Amou,TG040111,Otadi,7.720024,0.93864852,347.17736351
TG0401,Amou,TG040112,Ouma-Amlame,7.460545,0.91994578,109.41960507
TG0402,Wawa,TG040208,Ounabe,7.558954,0.94560234,70.56120823
TG0409,Ogou,TG040908,Ountivou,7.4182145,1.55545581,444.35822378
TG0101,Blitta,TG010112,Pagala Gare,8.178033,0.99438571,184.09882581
TG0101,Blitta,TG010113,Pagala Village,8.186239,0.88832992,94.22241754
TG0203,Binah,TG020305,Pagouda,9.758779,1.33448568,132.57974435
TG0411,Anie,TG041106,Pallakoko,7.874308,1.11580057,139.15033139
TG0516,Tone,TG051613,Pana,10.765686,0.2747161,105.75682376
TG0203,Binah,TG020306,Pessare,9.807075,1.23120414,66.568406
TG0206,Keran,TG020608,Pesside,10.075481,0.85507938,311.09619853
TG0203,Binah,TG020307,Pitikita,9.766478,1.2693552,19.2039814
TG0515,Tandjoare,TG051512,Pligou,10.6819795,0.265867,29.628518
TG0518,Naki-Ouest,TG051806,Pogno,10.962097,0.56638646,93.34669235
TG0516,Tone,TG051614,Poissongui,11.042244,0.20939968,33.59192507
TG0205,Doufelgou,TG020511,Pouda,9.9046845,1.26039708,41.13421857
TG0207,Kozah,TG020710,Pya,9.6496375,1.11910725,54.42732222
TG0514,Oti,TG051407,Sadori,10.248039,0.43698388,156.16488614
TG0303,Golfe,TG030304,Sagbado,6.1897115,1.1261315,56.87149953
TG0519,Oti-Sud,TG051906,Sagbiebou,10.2453485,0.64175279,395.79347515
TG0102,Plaine du Mo,TG010204,Saiboude,8.5680975,0.56789297,76.1509257
TG0408,Moyen-Mono,TG040804,Saligbe,7.2424235,1.5824921,78.02533296
TG0517,Cinkasse,TG051707,Sam-Naba,11.0545145,0.14258934,53.56694743
TG0202,Bassar,TG020209,Sanda-Afohou,9.476961,0.94465354,197.15201865
TG0202,Bassar,TG020210,Sanda-Kagbanda,9.4909625,0.89275503,271.75138587
TG0516,Tone,TG051615,Sanfatoute,11.0149615,0.3116688,41.90709246
TG0515,Tandjoare,TG051513,Sangou,10.5914895,0.06242753,8.86056447
TG0207,Kozah,TG020711,Sarakawa,9.616324,1.01117294,87.90679517
TG0307,Yoto,TG030707,Sedome,6.7761895,1.58426845,37.95510589
TG0410,Akebou,TG041006,Seregbene,7.8709585,0.71439312,169.28518936
TG0103,Sotouboua,TG010307,Sessaro,8.5966,1.20114707,135.20138409
TG0306,Vo,TG030607,Sevagan,6.31843,1.42207867,63.68895772
TG0205,Doufelgou,TG020512,Siou,9.851111,1.20031418,134.27945312
TG0203,Binah,TG020308,Sirka,9.542028,1.30838274,63.28803867
TG0515,Tandjoare,TG051514,Sissiak,10.746446,0.10914865,54.09855855
TG0401,Amou,TG040113,Sodo,7.328194,0.82648517,33.46323742
TG0203,Binah,TG020309,Sola,9.9354245,1.32891529,110.64992863
TG0207,Kozah,TG020712,Somdina,9.639526,1.2706104,46.91911379
TG0103,Sotouboua,TG010308,Sotouboua,8.5575155,0.87444211,579.98169108
TG0201,Assoli,TG020106,Soudou,9.3568495,1.34651354,209.46292059
TG0103,Sotouboua,TG010309,Tabinde,8.5193585,1.13122986,192.42895753
TG0307,Yoto,TG030708,Tabligbo,6.5749365,1.48388925,40.59467215
TG0408,Moyen-Mono,TG040805,Tado,7.141002,1.56924741,180.43164662
TG0519,Oti-Sud,TG051907,Takpamba,9.9592285,0.58860186,237.91991285
TG0513,Kpendjal,TG051304,Tambigou,10.744621,0.775575,163.47124125
TG0518,Naki-Ouest,TG051807,Tambonga,10.939138,0.45331467,36.07859284
TG0516,Tone,TG051616,Tami,10.868631,0.04151518,74.56768839
TG0515,Tandjoare,TG051515,Tamongue,10.5101335,0.17201678,145.62593603
TG0515,Tandjoare,TG051516,Tampialime,10.752496,0.06671893,109.07977832
TG0105,Tchaoudjo,TG010511,Tchalo,8.967909,0.99545442,217.53714626
TG0101,Blitta,TG010114,Tchaloude,8.3156445,1.15149277,99.71995109
TG0104,Tchamba,TG010410,Tchamba,8.992314,1.45483781,285.42107839
TG0519,Oti-Sud,TG051908,Tchamonga,10.578473,0.74173067,297.50369016
TG0514,Oti,TG051408,Tchanaga,10.533447,0.50644495,266.75963726
TG0207,Kozah,TG020713,Tchare,9.660101,1.17870918,6.9887057
TG0101,Blitta,TG010115,Tchare-Baou,8.048226,1.0435529,167.29570238
TG0103,Sotouboua,TG010310,Tchebebe,8.4313135,0.83496763,425.34907119
TG0307,Yoto,TG030709,Tchekpo,6.522515,1.37781262,171.68654892
TG0101,Blitta,TG010116,Tchifama,8.1765545,0.81582476,66.08988293
TG0207,Kozah,TG020714,Tchitchao,9.5982255,1.09325674,60.56175245
TG0205,Doufelgou,TG020513,Tchore,9.844297,0.94206765,89.46722407
TG0401,Amou,TG040114,Temedja,7.463156,1.067738,82.67910836
TG0205,Doufelgou,TG020514,Tenega,9.8343735,1.14312861,19.47327144
TG0517,Cinkasse,TG051708,Timbou,11.0348575,0.11192466,77.59289448
TG0102,Plaine du Mo,TG010205,Tindjassi,8.6576895,0.51378521,304.59722145
TG0101,Blitta,TG010117,Tintchro,8.0450105,0.77147694,285.94939215
TG0103,Sotouboua,TG010311,Titigbe,8.5970955,1.09396735,135.50177375
TG0516,Tone,TG051617,Toaga,10.890121,0.24742628,41.06436571
TG0309,Agoe-Nyive,TG030904,Togblekope,6.26304126,1.21844702,26.0838672
TG0306,Vo,TG030608,Togoville,6.2559935,1.46966189,77.2915368
TG0408,Moyen-Mono,TG040806,Tohoun,7.0528345,1.60018921,112.91748905
TG0307,Yoto,TG030710,Tokpli,6.6277465,1.57326266,79.48497246
TG0412,Kloto,TG041209,Tome,6.817672,0.65443538,29.52867054
TG0402,Wawa,TG040209,Tomegbe,7.5197915,0.59807356,93.8977092
TG0307,Yoto,TG030711,Tomety-Kondji,6.8246885,1.54342999,157.14037738
TG0412,Kloto,TG041210,Tove,6.871419,0.65531955,37.52211023
TG0301,Ave,TG030107,Tovegan,6.6162905,0.9155744,188.80213605
TG0308,Zio,TG030815,Tsevie,6.4936375,1.19877718,116.95159486
TG0309,Agoe-Nyive,TG030905,Vakpossito,6.214873,1.1633662,4.03594393
TG0410,Akebou,TG041007,Veh,7.67406,0.70900105,33.91341298
TG0306,Vo,TG030610,Vo-Koutime,6.398733,1.53695039,61.68650901
TG0306,Vo,TG030609,Vogan,6.360466,1.50164628,161.9336999
TG0406,Haho,TG040608,Wahala,7.2075155,1.28973092,444.20850382
TG0101,Blitta,TG010118,Waragni,8.2521635,1.00891483,42.96547975
TG0206,Keran,TG020609,Warengo,10.0819295,1.11147632,68.27792034
TG0105,Tchaoudjo,TG010512,Wassarabo,9.003732,1.26140535,46.54084623
TG0101,Blitta,TG010119,Welly,8.0535255,0.91580719,294.06409083
TG0308,Zio,TG030816,Wli,6.3971465,1.12262367,49.75528926
TG0412,Kloto,TG041211,Wome,6.8477275,0.55814018,28.77060176
TG0207,Kozah,TG020715,Yade,9.595022,1.14526711,19.57570428
TG0410,Akebou,TG041008,Yalla,7.8277485,0.66327169,95.23830434
TG0101,Blitta,TG010120,Yaloumbe,8.3333705,1.09352962,79.87229037
TG0101,Blitta,TG010121,Yegue,8.1621405,0.70692491,166.51759461
TG0404,Danyi,TG040405,Yikpa,7.1292065,0.61654525,17.32860351
TG0412,Kloto,TG041212,Yokele,6.937951,0.68000734,38.33505891
TG0307,Yoto,TG030712,Zafi,6.7097305,1.29181766,155.05688769
TG0309,Agoe-Nyive,TG030906,Zanguera,6.235796,1.12626888,21.98281154
