region_nom_bdd,prefecture_nom_bdd,canton_nom_bdd,nb_agences,nb_agents_mobile_money,lon,lat,sans_agence_operateur,rang_desserte_mm,zone_prioritaire,population_totale,population_masculin,population_feminin,population_method,adm2_name_hdx,adm3_name_hdx,adm3_pcode_hdx
Centrale,Blitta,Agbandi,0.0,5,1.1279542722146512,8.22675558972363,True,56.0,True,12122,5989,6133,exact,Blitta,Agbandi,TG010101
Centrale,Blitta,Atchintsè,0.0,1,0.6592516666666667,8.003865,True,1.0,True,4572,2365,2207,exact,Blitta,Atchintse,TG010102
Centrale,Blitta,Blitta,0.0,8,0.9816444539440957,8.32349259055529,True,99.0,False,14067,6998,7069,fuzzy,Blitta,Blitta-Gare,TG010104
Centrale,Blitta,Blitta-Village,2.0,13,1.008984934446182,8.344434658109744,False,170.0,False,10794,5268,5526,fuzzy,Blitta,Blitta Village,TG010103
Centrale,Blitta,M'Poti,0.0,3,0.8095966095518746,8.21831746857655,True,32.0,True,6971,3610,3361,exact,Blitta,M'Poti,TG010111
Centrale,Blitta,Pagala-Gare,0.0,17,0.9709377714437546,8.179077263725834,True,200.0,False,23112,11669,11443,exact,Blitta,Pagala Gare,TG010112
Centrale,Blitta,Tchaloudè,0.0,10,1.1167440047979993,8.260980966662608,True,130.0,False,9752,4886,4866,exact,Blitta,Tchaloude,TG010114
Centrale,Blitta,Tcharè-Baou,0.0,4,1.0296411552200768,8.022027697499087,True,43.0,True,7309,3717,3592,exact,Blitta,Tchare-Baou,TG010115
Centrale,Blitta,Waragni,0.0,7,1.034267619047619,8.269826666666667,True,85.0,True,4956,2401,2555,exact,Blitta,Waragni,TG010118
Centrale,Blitta,Welly,0.0,2,0.87558827294796,8.077107141119374,True,14.0,True,10170,5086,5084,exact,Blitta,Welly,TG010119
Centrale,Blitta,Yaloumbè,0.0,20,1.0816442499999999,8.301532916666666,True,225.0,False,6253,3111,3142,exact,Blitta,Yaloumbe,TG010120
Centrale,Mô,Boulohou,0.0,9,0.7342494444444445,8.707377777777777,True,112.0,False,5831,2932,2899,exact,Plaine du Mo,Boulohou,TG010201
Centrale,Mô,Djarkpanga,0.0,14,0.5653377380952381,8.789434642857143,True,180.0,False,19374,9817,9557,exact,Plaine du Mo,Djarkpanga,TG010202
Centrale,Mô,Kagnigbara,0.0,2,0.6294075,8.885022499999998,True,14.0,True,5317,2704,2613,exact,Plaine du Mo,Kagnigbara,TG010203
Centrale,Mô,Saïboudè,0.0,2,0.4750825000000001,8.605861666666666,True,14.0,True,7696,3850,3846,exact,Plaine du Mo,Saiboude,TG010204
Centrale,Mô,Tindjasse,0.0,5,0.455424,8.645866000000002,True,56.0,True,14230,7185,7045,fuzzy,Plaine du Mo,Tindjassi,TG010205
Centrale,Sotouboua,Adjengré,0.0,62,1.019767079374037,8.662179353511643,True,323.0,False,21727,10553,11174,exact,Sotouboua,Adjengere,TG010301
Centrale,Sotouboua,Aouda,0.0,28,1.048201620505759,8.73177707446634,True,269.0,False,17291,8654,8637,exact,Sotouboua,Aouda,TG010302
Centrale,Sotouboua,Bodjondè,0.0,6,1.04019863477966,8.430022639521333,True,71.0,True,2218,1070,1148,exact,Sotouboua,Bodjonde,TG010303
Centrale,Sotouboua,Kaniamboua,0.0,8,1.0028422012889977,8.607760220787858,True,99.0,False,2190,1070,1120,exact,Sotouboua,Kaniamboua,TG010305
Centrale,Sotouboua,Kazaboua,0.0,15,1.0792985701936606,8.426400921626689,True,185.0,False,9347,4800,4547,exact,Sotouboua,Kazaboua,TG010306
Centrale,Sotouboua,Sotouboua,3.0,141,0.9842547498192656,8.559293802393622,False,345.0,False,37143,18336,18807,exact,Sotouboua,Sotouboua,TG010308
Centrale,Sotouboua,Séssaro,0.0,6,1.184319476565431,8.617542191117304,True,71.0,True,12226,6214,6012,exact,Sotouboua,Sessaro,TG010307
Centrale,Sotouboua,Tabindè,0.0,2,1.1443746680946503,8.503872958051943,True,14.0,True,7574,3802,3772,exact,Sotouboua,Tabinde,TG010309
Centrale,Sotouboua,Tchébébé,0.0,76,0.9848176799208341,8.430503031547955,True,330.0,False,16205,8101,8104,exact,Sotouboua,Tchebebe,TG010310
Centrale,Sotouboua,Tittigbe,0.0,11,1.1029162057551642,8.613279945483887,True,146.0,False,7130,3532,3598,fuzzy,Sotouboua,Titigbe,TG010311
Centrale,Tchamba,Affem,0.0,4,1.522955,9.132243333333333,True,43.0,True,9263,4598,4665,exact,Tchamba,Affem,TG010401
Centrale,Tchamba,Alibi I,0.0,3,1.412091111111111,8.916342222222221,True,32.0,True,10324,5253,5071,fuzzy,Tchamba,Alibi,TG010402
Centrale,Tchamba,Bago,0.0,44,1.3587043334897762,8.491423976478787,True,304.0,False,36587,18745,17842,exact,Tchamba,Bago,TG010403
Centrale,Tchamba,Balanka,0.0,11,1.6148622728590296,8.866357969339782,True,146.0,False,11784,6038,5746,exact,Tchamba,Balanka,TG010404
Centrale,Tchamba,Goubi,0.0,17,1.4722837977829508,8.636538350237492,True,200.0,False,10845,5514,5331,exact,Tchamba,Goubi,TG010405
Centrale,Tchamba,Kaboli,1.0,40,1.5946822177698374,8.720723044410555,False,293.0,False,30575,15113,15462,exact,Tchamba,Kaboli,TG010406
Centrale,Tchamba,Koussountou,0.0,41,1.5172256686465313,8.888435629438918,True,297.0,False,28343,14294,14049,exact,Tchamba,Koussountou,TG010407
Centrale,Tchamba,Kri-Kri,0.0,2,1.4152225,9.197596666666668,True,14.0,True,7359,3660,3699,fuzzy,Tchamba,Kri-Kri,TG010408
Centrale,Tchamba,Larini,0.0,3,1.4168450000000001,9.046267777777778,True,32.0,True,7113,3576,3537,fuzzy,Tchamba,Larni,TG010409
Centrale,Tchamba,Tchamba,1.0,40,1.427981219512195,9.022857642276422,False,293.0,False,48392,24189,24203,exact,Tchamba,Tchamba,TG010410
Centrale,Tchaoudjo,Agouloudè,0.0,13,1.3245735897435897,9.119722051282052,True,170.0,False,,,,non_disponible,,,
Centrale,Tchaoudjo,Aléhéridè,0.0,27,1.1987830153653403,9.20538389808031,True,263.0,False,6123,2976,3147,exact,Tchaoudjo,Aleheride/Amaide,TG010502
Centrale,Tchaoudjo,Amaïde,0.0,20,1.1743597632642158,9.163682607428413,True,225.0,False,4338,2138,2200,exact,Tchaoudjo,Aleheride/Amaide,TG010502
Centrale,Tchaoudjo,Kadambara,0.0,56,1.158095556749109,8.953419622849358,True,318.0,False,23526,11637,11889,exact,Tchaoudjo,Kadambara,TG010503
Centrale,Tchaoudjo,Kolina,0.0,13,1.1087096388079185,9.094438541447413,True,170.0,False,4147,2043,2104,exact,Tchaoudjo,Kolina,TG010505
Centrale,Tchaoudjo,Kpangalam,0.0,261,1.1344034428463055,9.011525973935228,True,357.0,False,37115,18218,18897,exact,Tchaoudjo,Kpangalam,TG010507
Centrale,Tchaoudjo,Kparataou,0.0,66,1.253723698969873,8.937402891349581,True,327.0,False,16588,8332,8256,fuzzy,Tchaoudjo,Kparatao,TG010508
Centrale,Tchaoudjo,Kpassaouade,0.0,10,1.2760635,9.046429,True,130.0,False,3468,1691,1777,fuzzy,Tchaoudjo,Kpassouade,TG010509
Centrale,Tchaoudjo,Kéméni,0.0,5,1.2441981029197153,9.233921147857192,True,56.0,True,2876,1460,1416,exact,Tchaoudjo,Kemeni,TG010504
Centrale,Tchaoudjo,Lama-Tessi,0.0,45,1.0792142311449526,8.85347750774746,True,305.0,False,24891,12303,12588,exact,Tchaoudjo,Lama-Tessi,TG010510
Centrale,Tchaoudjo,Sokodè (Komah),4.0,862,1.1440310464580719,8.981709855465835,False,369.0,False,91606,45650,45956,fuzzy,Tchaoudjo,Komah,TG010506
Centrale,Tchaoudjo,Tchalo,0.0,23,1.1214497956974534,8.936543296602869,True,244.0,False,8871,4393,4478,exact,Tchaoudjo,Tchalo,TG010511
Centrale,Tchaoudjo,Wassarabo,0.0,10,1.259009,9.015175333333334,True,130.0,False,3097,1497,1600,exact,Tchaoudjo,Wassarabo,TG010512
Kara,Assoli,Alédjo,0.0,18,1.2257027231371758,9.275263477629814,True,214.0,False,4809,2471,2338,exact,Assoli,Aledjo,TG020101
Kara,Assoli,Bafilo,1.0,153,1.2478362924414477,9.354941916839953,False,347.0,False,27038,13763,13275,exact,Assoli,Bafilo,TG020102
Kara,Assoli,Bouladè,0.0,7,1.2266805897612296,9.40480419532284,True,85.0,True,5384,2683,2701,exact,Assoli,Boulade,TG020103
Kara,Assoli,Dako (Daoude),0.0,9,1.0656618169804375,9.323258788144905,True,112.0,False,,,,non_disponible,,,
Kara,Assoli,Koumondè,0.0,13,1.23794902125585,9.305597051315692,True,170.0,False,5124,2415,2709,exact,Assoli,Koumonde,TG020105
Kara,Assoli,Soudou,0.0,28,1.3432113168677007,9.369080804516798,True,269.0,False,16044,7891,8153,exact,Assoli,Soudou,TG020106
Kara,Bassar,Baghan,0.0,9,0.6608807407407408,9.0658,True,112.0,False,11814,6070,5744,exact,Bassar,Baghan,TG020201
Kara,Bassar,Bangeli,0.0,40,0.6307733556972828,9.42269849209395,True,293.0,False,15571,7878,7693,exact,Bassar,Bangeli,TG020202
Kara,Bassar,Bassar,2.0,257,0.7844644248979205,9.259966070018697,False,355.0,False,45846,23011,22835,exact,Bassar,Bassar,TG020203
Kara,Bassar,Bitchabe,0.0,4,0.5804862700029515,9.317571539563392,True,43.0,True,7142,3661,3481,exact,Bassar,Bitchabe,TG020204
Kara,Bassar,Dimori,0.0,10,0.5880601666666666,9.179001333333334,True,130.0,False,13763,6971,6792,exact,Bassar,Dimori,TG020205
Kara,Bassar,Kabou,1.0,70,0.814907663722317,9.459923813299378,False,328.0,False,26604,13288,13316,exact,Bassar,Kabou,TG020206
Kara,Bassar,Kalanga,0.0,7,0.6809932493201639,9.275561114052692,True,85.0,True,7399,3700,3699,exact,Bassar,Kalanga,TG020207
Kara,Bassar,Manga,0.0,10,0.7043079822773926,9.557877341301237,True,130.0,False,7269,3494,3775,exact,Bassar,Manga,TG020208
Kara,Bassar,Sanda-Afohou,0.0,12,0.9419449271356942,9.4831947109757,True,157.0,False,6015,2928,3087,exact,Bassar,Sanda-Afohou,TG020209
Kara,Bassar,Sanda-Kagbanda,0.0,17,0.8976772658997341,9.487535740001874,True,200.0,False,10642,5234,5408,exact,Bassar,Sanda-Kagbanda,TG020210
Kara,Binah,Boufalé,0.0,12,1.3506727875978628,9.839788920768553,True,157.0,False,5801,2836,2965,exact,Binah,Boufale,TG020301
Kara,Binah,Kémérida,0.0,9,1.3565287538000492,9.667703460385733,True,112.0,False,7182,3434,3748,exact,Binah,Kemerida,TG020302
Kara,Binah,Kétao,0.0,99,1.3098780768364262,9.659132398414597,True,339.0,False,25809,12632,13177,exact,Binah,Ketao,TG020303
Kara,Binah,Lama-Dessi,0.0,12,1.2714007367913405,9.719932905762809,True,157.0,False,3932,1959,1973,exact,Binah,Lama-Dessi,TG020304
Kara,Binah,Pagouda,0.0,47,1.3225498883586746,9.745842119218443,True,309.0,False,16870,8281,8589,exact,Binah,Pagouda,TG020305
Kara,Binah,Pessaré,0.0,7,1.245372788532285,9.796120308362175,True,85.0,True,6329,3092,3237,exact,Binah,Pessare,TG020306
Kara,Binah,Pitikita,0.0,2,1.2277307939850313,9.77205752428699,True,14.0,True,1484,726,758,exact,Binah,Pitikita,TG020307
Kara,Binah,Sirka,0.0,12,1.3308865891731836,9.553136142924176,True,157.0,False,7169,3517,3652,exact,Binah,Sirka,TG020308
Kara,Binah,Solla,0.0,12,1.3485703986740052,9.890197543996882,True,157.0,False,9623,4808,4815,exact,Binah,Sola,TG020309
Kara,Dankpen,Bapuré,0.0,20,0.5957034965288013,9.526958975927032,True,225.0,False,25428,12782,12646,exact,Dankpen,Bapure,TG020401
Kara,Dankpen,Guérin-Kouka,1.0,96,0.6076665443978834,9.69254824310482,False,337.0,False,48399,23973,24426,exact,Dankpen,Guerin-Kouka,TG020402
Kara,Dankpen,Katchamba,0.0,7,0.508731483420459,9.899716047216023,True,85.0,True,9121,4461,4660,exact,Dankpen,Katchamba,TG020403
Kara,Dankpen,Kidjabou,0.0,7,0.4710817096672489,9.778020419933894,True,85.0,True,18857,9251,9606,fuzzy,Dankpen,Kidjaboun,TG020404
Kara,Dankpen,Koulféikou,0.0,11,0.40413580596875137,9.961602051727793,True,146.0,False,9518,4695,4823,fuzzy,Dankpen,Koulfiekou,TG020405
Kara,Dankpen,Koutchitchéou,0.0,8,0.7496467786464202,9.61251559676052,True,99.0,False,3742,1818,1924,exact,Dankpen,Koutchitcheou,TG020406
Kara,Dankpen,Namon,0.0,10,0.814560499968524,9.724811640513948,True,130.0,False,9389,4650,4739,exact,Dankpen,Namon,TG020407
Kara,Dankpen,Nandouta,0.0,5,0.3748852496200456,9.55521199557837,True,56.0,True,14114,6930,7184,exact,Dankpen,Nandouta,TG020409
Kara,Dankpen,Naompoch,0.0,8,0.62771586765928,9.811929451619415,True,99.0,False,9256,4534,4722,fuzzy,Dankpen,Nampoch,TG020408
Kara,Dankpen,Natchiboré,0.0,6,0.8015805619087882,9.805897508561065,True,71.0,True,11741,5747,5994,exact,Dankpen,Natchibore,TG020410
Kara,Dankpen,Natchitikpi,0.0,7,0.7436459372320051,9.688877105958715,True,85.0,True,7844,3750,4094,exact,Dankpen,Natchitikpi,TG020411
Kara,Dankpen,Nawaré,0.0,5,0.6311436666666667,9.610367666666667,True,56.0,True,18253,8976,9277,exact,Dankpen,Naware,TG020412
Kara,Doufelgou,Agbandè-Yaka,0.0,4,1.1036262552046134,9.74069901029497,True,43.0,True,8915,4299,4616,exact,Doufelgou,Agbandi-Yaka,TG020501
Kara,Doufelgou,Alloum,0.0,15,0.9231444445049773,9.739431462694446,True,185.0,False,10239,4968,5271,exact,Doufelgou,Aloum,TG020502
Kara,Doufelgou,Baga,0.0,11,1.1017570081459989,9.794307623262721,True,146.0,False,5905,2873,3032,exact,Doufelgou,Baga,TG020503
Kara,Doufelgou,Défalé,0.0,27,1.091320725164319,9.86936117316388,True,263.0,False,6938,3282,3656,exact,Doufelgou,Defale,TG020504
Kara,Doufelgou,Kadjalla,0.0,15,0.9446608888888889,9.804010555555555,True,185.0,False,9835,4762,5073,exact,Doufelgou,Kadjalla,TG020505
Kara,Doufelgou,Koka,0.0,6,1.1578492431551117,9.781429695509813,True,71.0,True,3433,1711,1722,exact,Doufelgou,Koka,TG020506
Kara,Doufelgou,Kpaha,0.0,3,1.1222418648571686,9.881848016168137,True,32.0,True,3692,1812,1880,exact,Doufelgou,Kpaha,TG020507
Kara,Doufelgou,Léon,0.0,7,0.930321855085644,9.692839023501522,True,85.0,True,4206,2017,2189,exact,Doufelgou,Leon,TG020508
Kara,Doufelgou,Niamtougou,1.0,65,1.1084151516795198,9.76161051820626,False,326.0,False,6433,3105,3328,exact,Doufelgou,Niamtougou,TG020510
Kara,Doufelgou,Siou,0.0,25,1.1977875030257679,9.816986462025099,True,252.0,False,8910,4228,4682,exact,Doufelgou,Siou,TG020512
Kara,Doufelgou,Tchoré,0.0,3,1.0232245782478067,9.847118350357748,True,32.0,True,3982,1953,2029,exact,Doufelgou,Tchore,TG020513
Kara,Doufelgou,Ténéga,0.0,3,1.1361381305654767,9.815697539456275,True,32.0,True,4303,2033,2270,exact,Doufelgou,Tenega,TG020514
Kara,Kozah,Atchangbadè,0.0,25,1.1234403095362266,9.468630817319955,True,252.0,False,16876,8223,8653,exact,Kozah,Atchangbade,TG020701
Kara,Kozah,Awandjélo,0.0,22,1.1978353315659092,9.475409285077157,True,237.0,False,12147,5969,6178,exact,Kozah,Awandjelo,TG020702
Kara,Kozah,Bohou,0.0,20,1.172415124142947,9.610863678688869,True,225.0,False,6739,3261,3478,exact,Kozah,Bohou,TG020703
Kara,Kozah,Commune De Kara,2.0,1257,1.1963854201913071,9.550013170445322,False,373.0,False,,,,non_disponible,,,
Kara,Kozah,Djamdè,0.0,10,1.0375304335406317,9.506915675092992,True,130.0,False,3778,1825,1953,exact,Kozah,Djamde,TG020704
Kara,Kozah,Kouméa,0.0,25,1.195031209986969,9.71146801094175,True,252.0,False,7489,3562,3927,exact,Kozah,Koumea,TG020705
Kara,Kozah,Kpinzindè,0.0,12,1.2914230729925333,9.493648486990804,True,157.0,False,11608,5850,5758,exact,Kozah,Landa-Pozenda/Kpinzinde,TG020708
Kara,Kozah,Landa,0.0,30,1.265842739200241,9.66811420105476,True,279.0,False,10176,4883,5293,exact,Kozah,Landa,TG020707
Kara,Kozah,Lassa,0.0,60,1.2266291521265422,9.614458499377019,True,322.0,False,12999,6231,6768,exact,Kozah,Lassa,TG020709
Kara,Kozah,Pya,0.0,40,1.1486682725586799,9.661174940950158,True,293.0,False,11398,5983,5415,exact,Kozah,Pya,TG020710
Kara,Kozah,Sara-Kawa,0.0,9,1.0015963229062643,9.631211727231907,True,112.0,False,6049,2902,3147,fuzzy,Kozah,Sarakawa,TG020711
Kara,Kozah,Soumdina,0.0,19,1.2532058735752052,9.64235310552299,True,222.0,False,9274,4338,4936,exact,Kozah,Somdina,TG020712
Kara,Kozah,Tcharè,0.0,8,1.181923199351366,9.659588973288294,True,99.0,False,2301,1115,1186,exact,Kozah,Tchare,TG020713
Kara,Kozah,Tchitchao,0.0,9,1.1425568518518519,9.625699444444443,True,112.0,False,7427,3909,3518,exact,Kozah,Tchitchao,TG020714
Kara,Kozah,Yadè,0.0,16,1.1586765562600128,9.594837170394417,True,194.0,False,4301,2019,2282,exact,Kozah,Yade,TG020715
Kara,Kéran,Akpontè,0.0,6,0.9218811055233925,10.216630340887537,True,71.0,True,8877,4372,4505,exact,Keran,Akponte,TG020601
Kara,Kéran,Ataloté,0.0,8,0.9235433333333334,9.937496249999999,True,99.0,False,17429,8636,8793,exact,Keran,Atalote,TG020602
Kara,Kéran,Hélota,0.0,13,0.7553983963962979,9.936553860412431,True,170.0,False,16034,7771,8263,exact,Keran,Helota,TG020603
Kara,Kéran,Kantè,2.0,77,1.048572751613467,9.954552472696914,False,331.0,False,,,,non_disponible,,,
Kara,Kéran,Nadoba,0.0,9,1.082130835701112,10.136209525143,True,112.0,False,19878,9785,10093,exact,Keran,Nadoba,TG020606
Kara,Kéran,Ossacré,0.0,17,0.7464130672112443,10.05649062852014,True,200.0,False,19842,9747,10095,exact,Keran,Ossacre,TG020607
Kara,Kéran,Pessidè,0.0,8,0.9300572193464828,10.027672374802435,True,99.0,False,9256,4614,4642,exact,Keran,Pesside,TG020608
Kara,Kéran,Warengo,0.0,1,1.123915,10.103315,True,1.0,True,6315,3219,3096,exact,Keran,Warengo,TG020609
Maritime,Agoè-Nyivé,Adétikopé,1.0,297,1.2197690413298372,6.321837571017467,False,361.0,False,,,,non_disponible,,,
Maritime,Agoè-Nyivé,Agoè-Nyivé,7.0,446,1.1881339701660054,6.233893640772538,False,363.0,False,,,,non_disponible,,,
Maritime,Agoè-Nyivé,Légbassito,1.0,37,1.148871878885854,6.26294113334586,False,292.0,False,,,,non_disponible,,,
Maritime,Agoè-Nyivé,Sanguera,2.0,97,1.1332063251053992,6.233183110543639,False,338.0,False,,,,non_disponible,,,
Maritime,Agoè-Nyivé,Togblekope,1.0,258,1.2139741922288798,6.265100932675944,False,356.0,False,,,,non_disponible,,,
Maritime,Agoè-Nyivé,Vakpossito,2.0,263,1.1664639475010368,6.217756142660997,False,358.0,False,,,,non_disponible,,,
Maritime,Avé,Aképé,0.0,22,1.0698295555392578,6.245316609954679,True,237.0,False,16961,8273,8688,exact,Ave,Akepe,TG030101
Maritime,Avé,Ando,0.0,5,0.8106759828472277,6.477953069202788,True,56.0,True,40644,19326,21318,fuzzy,Ave,Assahoun/Ando Peme,TG030102
Maritime,Avé,Assahoun,2.0,43,0.9099308481245316,6.454305112752731,False,301.0,False,40644,19326,21318,fuzzy,Ave,Assahoun/Ando Peme,TG030102
Maritime,Avé,Badja,0.0,10,1.0153633109388671,6.387323423716817,True,130.0,False,9413,4699,4714,exact,Ave,Badja,TG030103
Maritime,Avé,Edzi,0.0,1,0.87036,6.384941666666666,True,1.0,True,1832,859,973,exact,,,
Maritime,Avé,Kévé,1.0,11,0.9443069374350254,6.450791686200269,False,146.0,False,11735,5524,6211,exact,Ave,Keve,TG030105
Maritime,Avé,Noépé,0.0,17,1.0375902848662821,6.2618748675691345,True,200.0,False,9796,4747,5049,exact,Ave,Noepe,TG030106
Maritime,Avé,Tovégan,0.0,9,0.8914639222001721,6.605150780466908,True,112.0,False,12732,6152,6580,exact,Ave,Tovegan,TG030107
Maritime,Avé,Zolo,0.0,10,0.9054040000000001,6.390509833333334,True,130.0,False,8101,3751,4350,fuzzy,Ave,Dzolo,TG030104
Maritime,Bas-Mono,Afagnan-Gbléta,0.0,42,1.6151809905550472,6.497100256660339,True,300.0,False,15929,7427,8502,fuzzy,Bas-Mono,Afagnan / Afagnagan,TG030201
Maritime,Bas-Mono,Afagnangan,2.0,88,1.633837080990019,6.495731978763361,False,335.0,False,19478,9127,10351,fuzzy,Bas-Mono,Afagnan / Afagnagan,TG030201
Maritime,Bas-Mono,Agbétiko,0.0,4,1.7294404213903036,6.476281450371218,True,43.0,True,4087,1919,2168,exact,Bas-Mono,Agome Glozou/Agbetiko,TG030202
Maritime,Bas-Mono,Agome-Glozou,0.0,6,1.6636485978079667,6.555138058581188,True,71.0,True,7254,3475,3779,exact,Bas-Mono,Agome Glozou/Agbetiko,TG030202
Maritime,Bas-Mono,Attitogon,0.0,23,1.6593517724476632,6.429381706510927,True,244.0,False,31288,14516,16772,exact,Bas-Mono,Attitogon,TG030203
Maritime,Bas-Mono,Hompou,0.0,1,1.7025066666666664,6.435569999999999,True,1.0,True,4103,1958,2145,exact,Bas-Mono,Hompou,TG030204
Maritime,Bas-Mono,Kpétsou,0.0,19,1.5758866388533057,6.52928127527754,True,222.0,False,12721,5944,6777,exact,Bas-Mono,Kpetsou,TG030205
Maritime,Golfe,Aflao-Gakli,6.0,1062,1.1820875603590082,6.192455090785973,False,371.0,False,,,,non_disponible,,,
Maritime,Golfe,Aflao-Sagbado,2.0,777,1.1366164072468057,6.185109369936747,False,367.0,False,,,,non_disponible,,,
Maritime,Golfe,Amoutivé,3.0,809,1.2142523261192477,6.13309135191914,False,368.0,False,,,,non_disponible,,,
Maritime,Golfe,Baguida,2.0,482,1.3335745559257737,6.1776345035065265,False,366.0,False,,,,non_disponible,,,
Maritime,Golfe,Bè-Centre,3.0,454,1.2454384682193727,6.181145900148379,False,364.0,False,,,,non_disponible,,,
Maritime,Golfe,Bè-Est,8.0,1256,1.2620684246403424,6.164371495383347,False,372.0,False,,,,non_disponible,,,
Maritime,Golfe,Bè-Ouest,2.0,281,1.2163731137217138,6.159256500255118,False,360.0,False,,,,non_disponible,,,
Maritime,Lacs,Agbodrafo,0.0,179,1.4898651196515729,6.214426516619479,True,351.0,False,35262,17147,18115,exact,Lacs,Agbodrafo,TG030401
Maritime,Lacs,Agouégan,0.0,12,1.7024771799065883,6.262620952884078,True,157.0,False,11825,5555,6270,exact,Lacs,Agouegan,TG030402
Maritime,Lacs,Aklakou,0.0,28,1.7199108792976256,6.3325636598261985,True,269.0,False,31030,14880,16150,exact,Lacs,Aklakou,TG030403
Maritime,Lacs,Anfoin,0.0,47,1.6075785097904038,6.33067457121675,True,309.0,False,17172,8163,9009,exact,Lacs,Anfoin,TG030405
Maritime,Lacs,Aného,0.0,57,1.5859563428768026,6.228080681188501,True,319.0,False,28237,13533,14704,exact,Lacs,Aneho,TG030404
Maritime,Lacs,Canton D’Aneho,0.0,83,1.6149477155913163,6.237881185232464,True,333.0,False,28237,13533,14704,fuzzy,Lacs,Aneho,TG030404
Maritime,Lacs,Fiata,0.0,25,1.6479911234668239,6.308987037221807,True,252.0,False,8988,4311,4677,exact,Lacs,Ganave/Fiata,TG030406
Maritime,Lacs,Ganavé,0.0,14,1.6311662970994598,6.314241671136156,True,180.0,False,11062,5146,5916,exact,Lacs,Ganave/Fiata,TG030406
Maritime,Lacs,Gbodjomé,0.0,264,1.4031498466209291,6.197287131853042,True,359.0,False,72914,35014,37900,exact,,,
Maritime,Lacs,Glidji,0.0,32,1.6060863764805204,6.2570996113842305,True,284.0,False,24757,11719,13038,exact,Lacs,Glidji,TG030407
Maritime,Vo,Akoumapé,0.0,43,1.4442386821705426,6.391728100775194,True,301.0,False,19187,8780,10407,exact,Vo,Akoumape,TG030601
Maritime,Vo,Anyron-Kopé,0.0,7,1.548335238095238,6.269482142857143,True,85.0,True,6143,2866,3277,fuzzy,Vo,Anyron Kope,TG030602
Maritime,Vo,Dagbati,0.0,26,1.5017203846153846,6.4431175,True,256.0,False,18206,8495,9711,exact,Vo,Dagbati,TG030603
Maritime,Vo,Dzrékpo,0.0,58,1.5685881294426502,6.4588444321074245,True,321.0,False,29687,14002,15685,exact,Vo,Dzrekpo,TG030604
Maritime,Vo,Hahotoé,0.0,55,1.4134726363636363,6.363577848484849,True,316.0,False,14393,6635,7758,exact,Vo,Hahotoe,TG030605
Maritime,Vo,Mome-Hounkpati,0.0,16,1.5589877818646671,6.474366991461764,True,194.0,False,16758,7622,9136,exact,Vo,Mome-Hounkpati,TG030606
Maritime,Vo,Sévagan,0.0,15,1.4274099999999998,6.300041333333334,True,185.0,False,12919,5942,6977,exact,Vo,Sevagan,TG030607
Maritime,Vo,Togoville,0.0,45,1.485686299100948,6.2396334830762195,True,305.0,False,18253,8646,9607,exact,Vo,Togoville,TG030608
Maritime,Vo,Vo-Koutimé,0.0,36,1.5742007834774736,6.359115601253887,True,290.0,False,24190,11594,12596,exact,Vo,Vo-Koutime,TG030610
Maritime,Vo,Vogan,0.0,175,1.5281586535591292,6.338230535819747,True,350.0,False,64675,29903,34772,exact,Vo,Vogan,TG030609
Maritime,Yoto,Ahépé,0.0,17,1.3934094925642344,6.604598266186797,True,200.0,False,18138,8556,9582,exact,Yoto,Ahepe,TG030701
Maritime,Yoto,Amoussimé,0.0,7,1.5239297909045517,6.632680322507142,True,85.0,True,12720,5938,6782,exact,Yoto,Amoussime,TG030702
Maritime,Yoto,Essé-Godjin,0.0,3,1.5557236212969905,6.720592350172652,True,32.0,True,7897,3842,4055,exact,Yoto,Esse Godjin,TG030703
Maritime,Yoto,Gboto,0.0,9,1.5014221114591075,6.682555112198689,True,112.0,False,13168,6151,7017,exact,Yoto,Gboto,TG030704
Maritime,Yoto,Kini-Kondji,0.0,2,1.5465505958122923,6.611279083671025,True,14.0,True,5465,2604,2861,exact,Yoto,Kini-Kondji,TG030705
Maritime,Yoto,Kouvé,0.0,18,1.4111112658710887,6.661979882570948,True,214.0,False,21986,10309,11677,exact,Yoto,Kouve,TG030706
Maritime,Yoto,Sendome,0.0,2,1.5743808333333331,6.765446945237988,True,14.0,True,9955,4698,5257,fuzzy,Yoto,Sedome,TG030707
Maritime,Yoto,Tabligbo,1.0,55,1.50187699213185,6.595656346120625,False,316.0,False,37182,17747,19435,exact,Yoto,Tabligbo,TG030708
Maritime,Yoto,Tchékpo,0.0,27,1.3586999382218348,6.536880293706351,True,263.0,False,14591,6934,7657,exact,Yoto,Tchekpo,TG030709
Maritime,Yoto,Tokpli,0.0,11,1.5754928857372705,6.639862738936097,True,146.0,False,13998,6547,7451,exact,Yoto,Tokpli,TG030710
Maritime,Yoto,Tométy-Kondji,0.0,2,1.535050088030235,6.7778785994854225,True,14.0,True,9068,4302,4766,exact,Yoto,Tomety-Kondji,TG030711
Maritime,Yoto,Zafi,0.0,7,1.3664162788853538,6.640531275628653,True,85.0,True,10683,5231,5452,exact,Yoto,Zafi,TG030712
Maritime,Zio,Abobo,1.0,28,1.3117734132497405,6.261997767240631,False,269.0,False,40622,20145,20477,exact,Zio,Abobo,TG030801
Maritime,Zio,Agbélouvé,1.0,125,1.1038108892865093,6.70794957727597,False,344.0,False,50219,24520,25699,exact,Zio,Agbelouve,TG030802
Maritime,Zio,Bolou,0.0,18,1.097928065913186,6.440294617035404,True,214.0,False,12878,6050,6828,exact,Zio,Bolou Kpeta,TG030803
Maritime,Zio,Dalavé,0.0,51,1.2424746831861995,6.383928606764519,True,313.0,False,24596,12221,12375,exact,Zio,Dalave,TG030804
Maritime,Zio,Davié,0.0,153,1.1964818746122687,6.369583735905768,True,347.0,False,40518,19405,21113,exact,Zio,Davie,TG030805
Maritime,Zio,Djagblé,1.0,26,1.2740800386615285,6.260260069902863,False,256.0,False,65455,31754,33701,exact,Zio,Djagble,TG030806
Maritime,Zio,Gamé-Sèva,0.0,17,1.205601881750827,6.699740654881422,True,200.0,False,17624,8811,8813,fuzzy,Zio,Game,TG030807
Maritime,Zio,Gapé-Centre,0.0,41,1.1127289018900202,6.596941190211935,True,297.0,False,20215,9460,10755,exact,Zio,Gape-Centre,TG030809
Maritime,Zio,Gapé-Kpodji,0.0,7,0.9788170765849789,6.668849679121155,True,85.0,True,8489,4090,4399,exact,Zio,Gape Kpodji,TG030808
Maritime,Zio,Gbatopé,0.0,62,1.288642525380538,6.470010707497363,True,323.0,False,26317,12656,13661,exact,Zio,Gbatope,TG030810
Maritime,Zio,Gblainvié,0.0,9,1.117351800521406,6.481094459416932,True,112.0,False,9225,4375,4850,exact,Zio,Gblainvie,TG030811
Maritime,Zio,Kovié,0.0,14,1.084399959619259,6.331955001125887,True,180.0,False,20834,10024,10810,exact,Zio,Kovie,TG030812
Maritime,Zio,Kpomé,0.0,22,1.3526681924797888,6.300272878261179,True,237.0,False,18991,9251,9740,exact,Zio,Kpome,TG030813
Maritime,Zio,Mission-Tové,0.0,41,1.1250165532545005,6.299904140218001,True,297.0,False,56794,28134,28660,fuzzy,Zio,Mission-Tove,TG030814
Maritime,Zio,Tsévié,2.0,157,1.2103403452725816,6.422763789104865,False,349.0,False,81568,38755,42813,exact,Zio,Tsevie,TG030815
Maritime,Zio,Wli,0.0,8,1.1309064368104589,6.402117256961286,True,99.0,False,5687,2716,2971,exact,Zio,Wli,TG030816
Plateaux,Agou,Agotimé-Nord,0.0,4,0.6633927257744908,6.718001755911722,True,43.0,True,8332,4032,4300,fuzzy,Agou,Agotime Nord,TG040303
Plateaux,Agou,Agotimé-Sud (Adzakpa),0.0,1,0.8146708397654356,6.64028433703796,True,1.0,True,7436,3638,3798,fuzzy,Agou,Adzakpa,TG040302
Plateaux,Agou,Agou-Akplolo,0.0,12,0.7708994794340739,6.889409266858649,True,157.0,False,2609,1274,1335,exact,Agou,Agou-Akplolo,TG040309
Plateaux,Agou,Agou-Atigbé,0.0,1,0.7072763605241267,6.8235121119449476,True,1.0,True,1845,926,919,fuzzy,Agou,Agou Atigbe,TG040305
Plateaux,Agou,Agou-Iboé,0.0,2,0.7845158304157358,6.870784295719874,True,14.0,True,,,,non_disponible,,,
Plateaux,Agou,Agou-Kébo,0.0,2,0.7461921704526263,6.86090187049933,True,14.0,True,2708,1274,1434,fuzzy,Agou,Agou Kebo,TG040307
Plateaux,Agou,Agou-Nyogbo-Agbétiko,0.0,23,0.7311627133051495,6.898455425955884,True,244.0,False,,,,non_disponible,,,
Plateaux,Agou,Agou-Nyogbo-Dzidjole,0.0,17,0.7239543381600828,6.878619252705318,True,200.0,False,,,,non_disponible,,,
Plateaux,Agou,Agou-Tavié,1.0,47,0.7127815429951633,6.843823927593852,False,309.0,False,9019,4367,4652,fuzzy,Agou,Agou Agbetiko/Agou Dzidjole,TG040304
Plateaux,Agou,Amoussou-Kopé,0.0,45,0.8423259021828923,6.67895839615859,True,305.0,False,11697,5799,5898,fuzzy,Agou,Amoussou Kope,TG040310
Plateaux,Agou,Assahoun-Fiagbé,0.0,1,0.7052592085053658,6.795067806406557,True,1.0,True,,,,non_disponible,,,
Plateaux,Agou,Gadja,0.0,57,0.7974648417602371,6.805310536114453,True,319.0,False,20634,10361,10273,exact,Agou,Gadja,TG040311
Plateaux,Agou,Kati,0.0,12,0.8488771497263392,6.890494189061301,True,157.0,False,8231,4047,4184,exact,Agou,Agou Yiboe/Kati,TG040308
Plateaux,Akébou,Djon,0.0,8,0.7889174339995884,7.735931571436469,True,99.0,False,13562,6857,6705,exact,Akebou,Djon,TG041001
Plateaux,Akébou,Gbendè,0.0,2,0.6772116666666667,7.73536,True,14.0,True,6071,3112,2959,exact,Akebou,Gbende,TG041002
Plateaux,Akébou,Kamina-Akébou,0.0,17,0.8560371149493526,7.92436021410028,True,200.0,False,14632,7442,7190,fuzzy,Akebou,Kamina,TG041003
Plateaux,Akébou,Kougnohou,0.0,43,0.7897406625913477,7.654095474016097,True,301.0,False,13718,6853,6865,exact,Akebou,Kougnohou,TG041004
Plateaux,Akébou,Kpalavé,0.0,2,0.8525366666666667,7.851515833333332,True,14.0,True,6989,3442,3547,exact,Akebou,Kpalave,TG041005
Plateaux,Akébou,Sérégbénè,0.0,5,0.7482343333333333,7.845137333333332,True,56.0,True,8013,4113,3900,exact,Akebou,Seregbene,TG041006
Plateaux,Akébou,Veh,0.0,4,0.7137768391412953,7.664057925723699,True,43.0,True,,,,non_disponible,,,
Plateaux,Akébou,Yalla,0.0,6,0.6742480555555556,7.814819444444445,True,71.0,True,5530,2790,2740,exact,Akebou,Yalla,TG041008
Plateaux,Amou,Adiva,0.0,4,1.022575325680086,7.5128159007374595,True,43.0,True,1158,562,596,exact,Amou,Adiva,TG040101
Plateaux,Amou,Amlamé (Ouma),0.0,32,0.9073264287262208,7.4611182096221516,True,284.0,False,,,,non_disponible,,,
Plateaux,Amou,Amou-Oblo,0.0,18,0.8676375846229833,7.387343747073913,True,214.0,False,19923,9916,10007,exact,Amou,Amou-Oblo,TG040102
Plateaux,Amou,Ekpégnon,0.0,1,1.023603153129945,7.252346112053424,True,1.0,True,6098,3035,3063,exact,Amou,Ekpegnon,TG040104
Plateaux,Amou,Evou,0.0,28,1.0499129182638627,7.523587537151839,True,269.0,False,4893,2403,2490,exact,Amou,Evou,TG040105
Plateaux,Amou,Hihéatro,0.0,28,1.1023114259960445,7.542326198128173,True,269.0,False,23330,11290,12040,exact,Amou,Hiheatro,TG040107
Plateaux,Amou,Imlè-Adiva,0.0,7,0.9799339263034519,7.501719042087319,True,85.0,True,4806,2449,2357,fuzzy,Amou,Imle,TG040108
Plateaux,Amou,Kpatégan,0.0,7,1.0495338716234894,7.330520716073781,True,85.0,True,10075,5037,5038,exact,Amou,Kpategan,TG040109
Plateaux,Amou,Otadi,0.0,15,0.9931806357215038,7.66572188054117,True,185.0,False,5421,2731,2690,exact,Amou,Otadi,TG040111
Plateaux,Amou,Sodo,0.0,5,0.8489888917074937,7.303108461568959,True,56.0,True,3920,2032,1888,exact,Amou,Sodo,TG040113
Plateaux,Amou,Témédja,0.0,30,1.0705575391977438,7.521712682408089,True,279.0,False,9026,4423,4603,exact,Amou,Temedja,TG040114
Plateaux,Anié,Adogbénou,0.0,29,1.4367713664061237,7.739224519568431,True,277.0,False,37998,19214,18784,exact,Anie,Adogbenou,TG041101
Plateaux,Anié,Anié,2.0,208,1.1944852236324903,7.764385977454337,False,353.0,False,78455,38841,39614,exact,Anie,Anie,TG041102
Plateaux,Anié,Atchinédji,0.0,10,1.4098526666666666,7.683276333333334,True,130.0,False,18000,9086,8914,exact,Anie,Atchinedji,TG041103
Plateaux,Anié,Glitto,0.0,9,1.5122192592592592,7.600405555555556,True,112.0,False,23415,11465,11950,exact,Anie,Glitto,TG041104
Plateaux,Anié,Kolo-Kopé,0.0,12,1.2893818431215778,7.797377707835135,True,157.0,False,14918,7569,7349,exact,Anie,Kolokope,TG041105
Plateaux,Anié,Pallakoko,0.0,17,1.0813769247534177,7.8796529991791395,True,200.0,False,7372,3722,3650,exact,Anie,Pallakoko,TG041106
Plateaux,Danyi,Ahlon,0.0,10,0.6622154587632626,7.299954495266054,True,130.0,False,,,,non_disponible,,,
Plateaux,Danyi,Danyi-Atigba,0.0,75,0.6949238620036308,7.224221625822252,True,329.0,False,,,,non_disponible,,,
Plateaux,Danyi,Danyi-Elavagnon,0.0,27,0.7134320389759963,7.291343954490683,True,263.0,False,,,,non_disponible,,,
Plateaux,Danyi,Danyi-Kakpa,0.0,22,0.6522160657948187,7.144370300821788,True,237.0,False,,,,non_disponible,,,
Plateaux,Danyi,Danyi-Kpeto-Evita,0.0,6,0.7317692021654159,7.261703783477421,True,71.0,True,,,,non_disponible,,,
Plateaux,Danyi,Yikpa,0.0,2,0.6141849578617808,7.137628245910592,True,14.0,True,,,,non_disponible,,,
Plateaux,Est-Mono,Badin-Copé,0.0,30,1.5492748228576825,8.210209569465569,True,279.0,False,26879,13681,13198,fuzzy,Est-Mono,Badin,TG040501
Plateaux,Est-Mono,Elavagnon,0.0,54,1.330912111264126,7.952530863963001,True,315.0,False,25016,12552,12464,exact,Est-Mono,Elavagnon,TG040502
Plateaux,Est-Mono,Gbadjahè,0.0,15,1.31387276444572,7.855656010675348,True,185.0,False,9636,4882,4754,exact,Est-Mono,Gbadjahe,TG040503
Plateaux,Est-Mono,Kamina,0.0,18,1.5587653315823298,8.06888595214642,True,214.0,False,25692,13081,12611,exact,Est-Mono,Kamina,TG040504
Plateaux,Est-Mono,Kpéssi,0.0,6,1.26980948362184,8.067055313004799,True,71.0,True,11910,6046,5864,exact,Est-Mono,Kpessi,TG040505
Plateaux,Est-Mono,Morétan,0.0,51,1.3510984175233491,8.132290685788872,True,313.0,False,49295,25126,24169,exact,Est-Mono,Moretan,TG040506
Plateaux,Est-Mono,Nyamassila,0.0,35,1.1917808319999799,7.984327439920493,True,289.0,False,16032,7961,8071,exact,Est-Mono,Nyamassila,TG040507
Plateaux,Haho,Akpakpakpé,0.0,13,1.0736557692307693,7.094184487179486,True,170.0,False,12369,6218,6151,exact,,,
Plateaux,Haho,Asrama,0.0,32,1.4141643205920191,7.0092381848396865,True,284.0,False,50994,23926,27068,exact,Haho,Assrama,TG040601
Plateaux,Haho,Atchavé,0.0,26,1.2025232933412802,6.8681684805927,True,256.0,False,25560,12708,12852,exact,Haho,Atsave,TG040602
Plateaux,Haho,Dalia,0.0,27,1.2406053654534812,6.8142503473230525,True,263.0,False,16372,8078,8294,exact,Haho,Dalia,TG040603
Plateaux,Haho,Djemegni,0.0,22,1.3262300397375866,6.979037464075821,True,237.0,False,31513,14004,17509,exact,Haho,Djemegni,TG040604
Plateaux,Haho,Hahomégbé,0.0,20,1.0064518480375748,6.913746824800495,True,225.0,False,19014,9691,9323,exact,,,
Plateaux,Haho,Kpegnon (Haito),0.0,13,0.9815288461538461,7.172838076923076,True,170.0,False,,,,non_disponible,,,
Plateaux,Haho,Kpédomé,1.0,105,1.1553929988607219,7.017245022756334,False,340.0,False,46326,23016,23310,exact,Haho,Kpedome,TG040605
Plateaux,Haho,Notsé,1.0,114,1.168683614918702,6.946220448219947,False,342.0,False,58983,28691,30292,exact,Haho,Notse,TG040607
Plateaux,Haho,Wahala,1.0,81,1.1713312510402238,7.167637859348491,False,332.0,False,36703,18028,18675,exact,Haho,Wahala,TG040608
Plateaux,Kloto,Agome-Kpalime,2.0,368,0.6317351268072824,6.912778644110855,False,362.0,False,87478,42058,45420,fuzzy,Kloto,Agome,TG041201
Plateaux,Kloto,Agomé-Tomégbé,0.0,6,0.5631135500000001,6.953720655555556,True,71.0,True,2833,1448,1385,exact,Kloto,Agome-Tomegbe,TG041202
Plateaux,Kloto,Agomé-Yoh,0.0,2,0.5890458333333334,6.9456675,True,14.0,True,1785,903,882,fuzzy,Kloto,Agome,TG041201
Plateaux,Kloto,Gbalabé,0.0,6,0.6040068142894727,6.867755990351436,True,71.0,True,,,,non_disponible,,,
Plateaux,Kloto,Hanyigba,0.0,5,0.5977582706667437,6.905654922815721,True,56.0,True,4455,2202,2253,exact,Kloto,Hanyigba,TG041204
Plateaux,Kloto,Kouma,0.0,28,0.6038960686757672,6.967502800662234,True,269.0,False,6815,3391,3424,exact,Kloto,Kouma,TG041205
Plateaux,Kloto,Kpadapé,0.0,3,0.5927536097576787,6.840764278957256,True,32.0,True,11953,5839,6114,fuzzy,Kloto,Kpadape,TG041206
Plateaux,Kloto,Kpimé,0.0,26,0.6394116714272433,7.011224561989707,True,256.0,False,7225,3676,3549,exact,Kloto,Kpime,TG041207
Plateaux,Kloto,Lavié,0.0,21,0.6778893877644203,7.031657128614106,True,233.0,False,8941,4378,4563,fuzzy,Kloto,Lavie/ Apedome,TG041208
Plateaux,Kloto,Lavié-Apédomé,0.0,10,0.6758807083264892,7.010188139073516,True,130.0,False,,,,non_disponible,,,
Plateaux,Kloto,Tomé,0.0,2,0.6436525,6.831172500000001,True,14.0,True,3287,1695,1592,exact,Kloto,Tome,TG041209
Plateaux,Kloto,Tové,0.0,10,0.6547434098947171,6.878339871592749,True,130.0,False,5662,2792,2870,exact,Kloto,Tove,TG041210
Plateaux,Kloto,Womé,0.0,10,0.5675827005421555,6.845248628145519,True,130.0,False,11953,5839,6114,fuzzy,Kloto,Kpadape,TG041206
Plateaux,Kloto,Yokélé,0.0,6,0.6568777777777778,6.932748055555556,True,71.0,True,3248,1607,1641,exact,Kloto,Yokele,TG041212
Plateaux,Kpélé,Kpélé-Akata,0.0,15,0.7093846193544685,7.052687167951458,True,185.0,False,7655,3826,3829,fuzzy,Kpele,Akata,TG040702
Plateaux,Kpélé,Kpélé-Centre,0.0,12,0.74662818071159,7.172037039838167,True,157.0,False,7262,3610,3652,fuzzy,Kpele,Kpele-Centre,TG040706
Plateaux,Kpélé,Kpélé-Dawlotou,0.0,4,0.9014980201075917,6.9530493365849,True,43.0,True,11004,5540,5464,exact,Kpele,Kpele-Dawlotou,TG040707
Plateaux,Kpélé,Kpélé-Dutoé,0.0,5,0.7981045036982815,7.265698312161861,True,56.0,True,3573,1775,1798,exact,Kpele,Kpele-Dutoe,TG040708
Plateaux,Kpélé,Kpélé-Gbalédzé,0.0,9,0.7541613830531751,7.187629941549456,True,112.0,False,3325,1645,1680,fuzzy,Kpele,Gbaladze,TG040703
Plateaux,Kpélé,Kpélé-Govié,0.0,15,0.736247749256306,7.152877171527065,True,185.0,False,4629,2205,2424,exact,Kpele,Govie,TG040704
Plateaux,Kpélé,Kpélé-Kamé,0.0,21,0.8148984860686385,7.229373004731181,True,233.0,False,5966,2975,2991,exact,Kpele,Kame,TG040705
Plateaux,Kpélé,Kpélé-Nord,0.0,24,0.8125061787280257,7.280844466008298,True,249.0,False,7538,3759,3779,exact,Kpele,Kpele-Nord,TG040709
Plateaux,Kpélé,Kpélé-Novivé,2.0,150,0.7429618575571812,7.1224609201883835,False,346.0,False,29987,14794,15193,exact,Kpele,Kpele-Centre,TG040706
Plateaux,Moyen-Mono,Ahassomè,0.0,4,1.5019912880517083,7.237728027506652,True,43.0,True,9928,4492,5436,exact,Moyen-Mono,Ahassome,TG040801
Plateaux,Moyen-Mono,Katomé,0.0,4,1.6203864794895673,7.381928814357918,True,43.0,True,8105,3679,4426,exact,Moyen-Mono,Katome,TG040802
Plateaux,Moyen-Mono,Kpékplémé,0.0,27,1.6206931931422117,7.325757598246033,True,263.0,False,22135,10088,12047,exact,Moyen-Mono,Kpekpleme,TG040803
Plateaux,Moyen-Mono,Saligbé,0.0,11,1.6166494858250078,7.240424094617182,True,146.0,False,13468,5951,7517,exact,Moyen-Mono,Saligbe,TG040804
Plateaux,Moyen-Mono,Tado,0.0,9,1.5779164011206641,7.15509668352672,True,112.0,False,18476,8696,9780,exact,Moyen-Mono,Tado,TG040805
Plateaux,Moyen-Mono,Tohoun,1.0,26,1.6082963900623914,7.035725291325407,False,256.0,False,18393,8507,9886,exact,Moyen-Mono,Tohoun,TG040806
Plateaux,Ogou,Akparé,0.0,14,1.3312433692552879,7.4603121755058694,True,180.0,False,27467,13737,13730,exact,Ogou,Akpare,TG040901
Plateaux,Ogou,Datcha,0.0,8,1.1599592116046435,7.439810221564541,True,99.0,False,15180,7277,7903,exact,Ogou,Datcha,TG040902
Plateaux,Ogou,Djama,0.0,31,1.1356624485791087,7.540893777735873,True,283.0,False,45885,22867,23018,exact,,,
Plateaux,Ogou,Gléi,1.0,85,1.1584160712153033,7.311658842879085,False,334.0,False,51836,25362,26474,exact,Ogou,Glei,TG040903
Plateaux,Ogou,Gnagna,0.0,226,1.1283556150455312,7.525106895804917,True,354.0,False,60222,29195,31027,exact,Ogou,Gnagna,TG040904
Plateaux,Ogou,Houdou,0.0,14,1.1701720213895885,7.611722977490805,True,180.0,False,,,,non_disponible,,,
Plateaux,Ogou,Katoré,0.0,22,1.3330755989100334,7.3955292031550215,True,237.0,False,13635,6904,6731,exact,Ogou,Katore,TG040906
Plateaux,Ogou,Ountivou,0.0,21,1.5208481543995067,7.421718188742138,True,233.0,False,29048,13832,15216,exact,Ogou,Ountivou,TG040908
Plateaux,Wawa,Badou,0.0,89,0.5989108523364539,7.584651571780138,True,336.0,False,20144,10155,9989,exact,Wawa,Badou,TG040201
Plateaux,Wawa,Doumé,0.0,13,0.7928885337608134,7.5613206361762,True,170.0,False,4642,2367,2275,exact,Wawa,Doume,TG040202
Plateaux,Wawa,Ekéto,0.0,1,0.8275536550601417,7.441135414971696,True,1.0,True,20414,10442,9972,fuzzy,Wawa,Gobe/Eketo/Gbadi N'Kugna,TG040203
Plateaux,Wawa,Gbadi-N'kougna,0.0,13,0.6902536212941838,7.464255558780641,True,170.0,False,,,,non_disponible,,,
Plateaux,Wawa,Gobé,0.0,2,0.8065833333333334,7.517878333333334,True,14.0,True,20414,10442,9972,fuzzy,Wawa,Gobe/Eketo/Gbadi N'Kugna,TG040203
Plateaux,Wawa,Klabé-Efoukpa,0.0,9,0.7616808420441583,7.610787285866094,True,112.0,False,5903,3003,2900,fuzzy,Wawa,Klabe Efoukpa,TG040205
Plateaux,Wawa,Kpété-Béna,0.0,34,0.5702316463333782,7.44029308595226,True,288.0,False,11769,5970,5799,fuzzy,Wawa,Kpete Bena,TG040206
Plateaux,Wawa,Késsibo,0.0,21,0.6041214213038241,7.650390448323058,True,233.0,False,10490,5322,5168,exact,Wawa,Kessibo,TG040204
Plateaux,Wawa,Okou,0.0,5,0.8548422836375792,7.570498242091586,True,56.0,True,4765,2417,2348,exact,Wawa,Okou,TG040207
Plateaux,Wawa,Ounabé,0.0,5,0.9614364009288939,7.557463284728937,True,56.0,True,3477,1753,1724,exact,Wawa,Ounabe,TG040208
Plateaux,Wawa,Tomégbé,0.0,28,0.593214229604184,7.510596150918829,True,269.0,False,8784,4497,4287,exact,Wawa,Tomegbe,TG040209
Plateaux,Wawa,Zogbégan,0.0,24,0.6862835989245365,7.57675569471963,True,249.0,False,10912,5457,5455,exact,,,
Savanes,Cinkassé,Biankouri,0.0,16,0.049949962323872256,11.022470283895128,True,194.0,False,11757,5685,6072,exact,Cinkasse,Biankouri,TG051701
Savanes,Cinkassé,Boadé,0.0,3,-0.04878725876164803,11.117906305534403,True,32.0,True,7403,3576,3827,exact,Cinkasse,Boade,TG051702
Savanes,Cinkassé,Cinkassé,2.0,462,0.02008566040500348,11.10113141430481,False,365.0,False,63226,31288,31938,exact,Cinkasse,Cinkasse,TG051703
Savanes,Cinkassé,Gouloungoussi,0.0,2,-0.103475,11.117691666666667,True,14.0,True,3707,1781,1926,exact,Cinkasse,Gouloungoussi,TG051705
Savanes,Cinkassé,Nadjoundi,0.0,17,0.18707875543323538,11.014686657744507,True,200.0,False,10140,4817,5323,exact,Cinkasse,Nadjoundi,TG051706
Savanes,Cinkassé,Sam-Naba,0.0,20,0.14580313197947706,11.064445944316542,True,225.0,False,9361,4280,5081,exact,Cinkasse,Sam-Naba,TG051707
Savanes,Cinkassé,Timbou,0.0,23,0.11608640739698857,11.032882278681301,True,244.0,False,21709,10362,11347,exact,Cinkasse,Timbou,TG051708
Savanes,Kpendjal,Borgou,0.0,5,0.6104047095841546,10.744509464133733,True,56.0,True,40462,19784,20678,exact,Kpendjal,Borgou,TG051301
Savanes,Kpendjal,Koundjoaré,0.0,18,0.649096381759011,10.94526775385502,True,214.0,False,17926,8673,9253,exact,Kpendjal,Koundjoare,TG051302
Savanes,Kpendjal,Mandouri,0.0,17,0.809741342872843,10.866364698136563,True,200.0,False,20616,9963,10653,exact,Kpendjal,Mandouri,TG051303
Savanes,Kpendjal,Tambigou,0.0,1,0.7785166666666666,10.740943333333332,True,1.0,True,9361,4615,4746,exact,Kpendjal,Tambigou,TG051304
Savanes,Kpendjal-Ouest,Naki-Est,0.0,47,0.36980537966978694,10.73118022104299,True,309.0,False,24761,11442,13319,exact,Naki-Ouest,Naki-Est,TG051802
Savanes,Kpendjal-Ouest,Namoundjoga,0.0,11,0.4028729884980986,10.878180187501407,True,146.0,False,17896,8507,9389,exact,Naki-Ouest,Namoundjoga,TG051803
Savanes,Kpendjal-Ouest,Nayéga,0.0,6,0.4073967796780829,10.75714521210726,True,71.0,True,19235,9075,10160,exact,Naki-Ouest,Nayega,TG051804
Savanes,Kpendjal-Ouest,Ogaro,0.0,20,0.4714997781025613,10.74331307637067,True,225.0,False,12463,5911,6552,exact,Naki-Ouest,Ogaro,TG051805
Savanes,Kpendjal-Ouest,Papri,0.0,20,0.4280076642720581,10.97875151321622,True,225.0,False,14818,7037,7781,exact,Naki-Ouest,Kpendjaga / Papri,TG051801
Savanes,Kpendjal-Ouest,Pogno,0.0,16,0.4984490565825316,10.954961880426973,True,194.0,False,15448,7368,8080,exact,Naki-Ouest,Pogno,TG051806
Savanes,Kpendjal-Ouest,Tambonga,0.0,9,0.4397104644177837,10.94543086731074,True,112.0,False,18709,8835,9874,exact,Naki-Ouest,Tambonga,TG051807
Savanes,Oti,Barkoissi,0.0,108,0.32616222156490454,10.570823796089043,True,341.0,False,21060,9970,11090,exact,Oti,Barkoissi,TG051401
Savanes,Oti,Faré,0.0,1,0.393440574095371,10.179847402403539,True,1.0,True,4576,2175,2401,exact,Oti,Fare,TG051402
Savanes,Oti,Galangashie,0.0,16,0.3356960457094288,10.527750764891818,True,194.0,False,14810,7207,7603,exact,Oti,Galangashie,TG051403
Savanes,Oti,Loko,0.0,8,0.2533103812983335,10.563621028808061,True,99.0,False,5919,2940,2979,exact,Oti,Loko,TG051404
Savanes,Oti,Mango,1.0,202,0.474309075031872,10.351408707547266,False,352.0,False,41803,20661,21142,exact,Oti,Mango,TG051405
Savanes,Oti,Nagbéni,0.0,23,0.43753374114396176,10.656957351900422,True,244.0,False,19607,9368,10239,exact,Oti,Nagbeni,TG051406
Savanes,Oti,Sadori,0.0,5,0.44876071673867735,10.282170262199555,True,56.0,True,8100,3915,4185,exact,Oti,Sadori,TG051407
Savanes,Oti,Tchanaga,0.0,5,0.49162310003501536,10.49894570082665,True,56.0,True,8973,4402,4571,exact,Oti,Tchanaga,TG051408
Savanes,Oti-Sud,Gando,1.0,63,0.7590653785659481,10.311178739206271,False,325.0,False,41374,20245,21129,exact,Oti-Sud,Gando,TG051901
Savanes,Oti-Sud,Koumongou,0.0,9,0.44665733252189427,10.189112768620555,True,112.0,False,7167,3415,3752,exact,Oti-Sud,Koumongou,TG051902
Savanes,Oti-Sud,Kountoire,0.0,15,0.6470674111730903,10.098706605839626,True,185.0,False,13450,6638,6812,exact,Oti-Sud,Kountoire,TG051903
Savanes,Oti-Sud,Mogou,0.0,13,0.639239358643192,10.389422871553371,True,170.0,False,30442,14668,15774,exact,Oti-Sud,Mogou,TG051904
Savanes,Oti-Sud,Nali,0.0,3,0.4540361434880104,10.032525535747629,True,32.0,True,11284,5504,5780,exact,Oti-Sud,Nali,TG051905
Savanes,Oti-Sud,Sagbiebou,0.0,33,0.642203903606932,10.244196174908337,True,287.0,False,20370,9931,10439,exact,Oti-Sud,Sagbiebou,TG051906
Savanes,Oti-Sud,Takpamba,0.0,12,0.5747948104867099,9.969086377731925,True,157.0,False,12423,6165,6258,exact,Oti-Sud,Takpamba,TG051907
Savanes,Oti-Sud,Tchamonga,0.0,11,0.6705769410470213,10.554863170705778,True,146.0,False,13866,6766,7100,exact,Oti-Sud,Tchamonga,TG051908
Savanes,Tandjoaré,Bagou,0.0,1,0.0389883333333333,10.683868333333331,True,1.0,True,2390,1164,1226,exact,Tandjoare,Bagou,TG051501
Savanes,Tandjoaré,Bogou,0.0,12,0.18411873322150366,10.66315437495434,True,157.0,False,10506,5110,5396,exact,Tandjoare,Bogou,TG051502
Savanes,Tandjoaré,Bombouaka,0.0,17,0.20551660925566134,10.705888873930283,True,200.0,False,10769,5224,5545,exact,Tandjoare,Bombouaka,TG051503
Savanes,Tandjoaré,Doukpergou,0.0,10,0.06418183333333334,10.6578275,True,130.0,False,7026,3391,3635,exact,Tandjoare,Doukpergou,TG051505
Savanes,Tandjoaré,Goundoga,0.0,8,0.15405416666666666,10.70124625,True,99.0,False,6348,2997,3351,exact,Tandjoare,Goundoga,TG051506
Savanes,Tandjoaré,Loko,0.0,1,0.2493566666666666,10.608061666666666,True,1.0,True,6187,3056,3131,exact,Tandjoare,Loko,TG051507
Savanes,Tandjoaré,Lokpano,0.0,4,0.117755,10.603431666666665,True,43.0,True,6025,2892,3133,exact,Tandjoare,Lokpano,TG051508
Savanes,Tandjoaré,Nandoga,0.0,4,0.2029115608460451,10.670430665021962,True,43.0,True,6334,2961,3373,exact,Tandjoare,Nandoga,TG051510
Savanes,Tandjoaré,Nano,0.0,36,0.10828129629629629,10.70349462962963,True,290.0,False,17093,7969,9124,exact,Tandjoare,Nano,TG051511
Savanes,Tandjoaré,Pligou,0.0,6,0.2935968202421463,10.663523366824064,True,71.0,True,7042,3242,3800,exact,Tandjoare,Pligou,TG051512
Savanes,Tandjoaré,Sissiak,0.0,26,0.10820439573523698,10.760115974248777,True,256.0,False,8343,3926,4417,exact,Tandjoare,Sissiak,TG051514
Savanes,Tandjoaré,Tamongue,0.0,18,0.17506222222222223,10.548742037037037,True,214.0,False,21405,10502,10903,exact,Tandjoare,Tamongue,TG051515
Savanes,Tandjoaré,Tampialime,0.0,16,0.0013838797068508246,10.749780375324672,True,194.0,False,14347,6677,7670,exact,Tandjoare,Tampialime,TG051516
Savanes,Tône,Bidjenga,0.0,10,0.30621183333333335,10.689811,True,130.0,False,10646,4967,5679,exact,Tone,Bidjenga,TG051601
Savanes,Tône,Dapaong,2.0,869,0.20170732375245154,10.867184729762233,False,370.0,False,144711,69801,74910,exact,Tone,Dapaong,TG051602
Savanes,Tône,Kantindi,0.0,29,0.27774847392110225,10.912444798408698,True,277.0,False,14016,6746,7270,exact,Tone,Kantindi,TG051603
Savanes,Tône,Korbongou,0.0,120,0.32276652641134085,10.928689567919475,True,343.0,False,25609,12155,13454,exact,Tone,Korbongou,TG051604
Savanes,Tône,Kourientre,0.0,8,0.22403066229454874,10.996716432588702,True,99.0,False,12224,5805,6419,exact,Tone,Kourientre,TG051605
Savanes,Tône,Lotogou,0.0,18,0.02698560450749833,10.79613927353595,True,214.0,False,14432,6962,7470,exact,Tone,Lotogou/Warkambou,TG051606
Savanes,Tône,Louanga,0.0,9,0.34002636947659765,10.8845923647816,True,112.0,False,11434,5411,6023,exact,Tone,Louanga,TG051607
Savanes,Tône,Naki-Ouest,0.0,45,0.09045867439690808,10.920918731259489,True,305.0,False,24016,11193,12823,exact,Tone,Naki-Ouest,TG051608
Savanes,Tône,Namaré,0.0,9,0.10996318124172427,10.98546062981017,True,112.0,False,12103,5695,6408,exact,Tone,Namare,TG051609
Savanes,Tône,Nanergou,0.0,22,0.14311524012037327,10.913895145603629,True,237.0,False,14060,6640,7420,exact,Tone,Nanergou,TG051610
Savanes,Tône,Natigou,0.0,3,0.2611930700603009,10.981956978642017,True,32.0,True,11234,5320,5914,exact,Tone,Natigou,TG051611
Savanes,Tône,Nioukpourma,0.0,24,0.1302876923235314,10.839065436164875,True,249.0,False,17991,8491,9500,exact,Tone,Nioukpourma,TG051612
Savanes,Tône,Pana,0.0,19,0.29352229700293914,10.75733043740454,True,222.0,False,13279,6290,6989,exact,Tone,Pana,TG051613
Savanes,Tône,Poissongui,0.0,11,0.22689436012985062,11.049386059884974,True,146.0,False,6155,2971,3184,exact,Tone,Poissongui,TG051614
Savanes,Tône,Sanfatoute,0.0,17,0.3035871506532968,11.019969831312675,True,200.0,False,15518,7325,8193,exact,Tone,Sanfatoute,TG051615
Savanes,Tône,Tami,0.0,30,0.053748430568264546,10.852410148444553,True,279.0,False,20619,9809,10810,exact,Tone,Tami,TG051616
Savanes,Tône,Toaga,0.0,26,0.25588890670386,10.898884146008474,True,256.0,False,13494,6432,7062,exact,Tone,Toaga,TG051617
Savanes,Tône,Warkambou,0.0,11,-0.02789621693171558,10.786891310973614,True,146.0,False,7234,3467,3767,exact,Tone,Lotogou/Warkambou,TG051606
