region_nom_bdd,prefecture_nom_bdd,canton_nom_bdd,nb_agents,lon,lat
Centrale,Blitta,Agbandi,5,1.1279542722146512,8.22675558972363
Centrale,Blitta,Atchintsè,1,0.6592516666666667,8.003865
Centrale,Blitta,Blitta,8,0.9816444539440957,8.32349259055529
Centrale,Blitta,Blitta-Village,13,1.008931007974125,8.34493543446148
Centrale,Blitta,M'Poti,3,0.8095966095518746,8.21831746857655
Centrale,Blitta,Pagala-Gare,17,0.9709377714437546,8.179077263725834
Centrale,Blitta,Tchaloudè,10,1.1167440047979993,8.260980966662608
Centrale,Blitta,Tcharè-Baou,4,1.0296411552200768,8.022027697499087
Centrale,Blitta,Waragni,7,1.034267619047619,8.269826666666667
Centrale,Blitta,Welly,2,0.87558827294796,8.077107141119374
Centrale,Blitta,Yaloumbè,20,1.0816442499999999,8.301532916666666
Centrale,Mô,Boulohou,9,0.7342494444444445,8.707377777777777
Centrale,Mô,Djarkpanga,14,0.5653377380952381,8.789434642857143
Centrale,Mô,Kagnigbara,2,0.6294075,8.885022499999998
Centrale,Mô,Saïboudè,2,0.4750825000000001,8.605861666666666
Centrale,Mô,Tindjasse,5,0.455424,8.645866000000002
Centrale,Sotouboua,Adjengré,62,1.019767079374037,8.662179353511643
Centrale,Sotouboua,Aouda,28,1.048201620505759,8.73177707446634
Centrale,Sotouboua,Bodjondè,6,1.04019863477966,8.430022639521333
Centrale,Sotouboua,Kaniamboua,8,1.0028422012889977,8.607760220787858
Centrale,Sotouboua,Kazaboua,15,1.0792985701936606,8.426400921626689
Centrale,Sotouboua,Sotouboua,141,0.9843621462432524,8.559252392545522
Centrale,Sotouboua,Séssaro,6,1.184319476565431,8.617542191117304
Centrale,Sotouboua,Tabindè,2,1.1443746680946503,8.503872958051943
Centrale,Sotouboua,Tchébébé,76,0.9848176799208341,8.430503031547955
Centrale,Sotouboua,Tittigbe,11,1.1029162057551642,8.613279945483887
Centrale,Tchamba,Affem,4,1.522955,9.132243333333333
Centrale,Tchamba,Alibi I,3,1.412091111111111,8.916342222222221
Centrale,Tchamba,Bago,44,1.3587043334897762,8.491423976478787
Centrale,Tchamba,Balanka,11,1.6148622728590296,8.866357969339782
Centrale,Tchamba,Goubi,17,1.4722837977829508,8.636538350237492
Centrale,Tchamba,Kaboli,40,1.5947241065474167,8.72008312052082
Centrale,Tchamba,Koussountou,41,1.5172256686465313,8.888435629438918
Centrale,Tchamba,Kri-Kri,2,1.4152225,9.197596666666668
Centrale,Tchamba,Larini,3,1.4168450000000001,9.046267777777778
Centrale,Tchamba,Tchamba,40,1.4282949166666667,9.022880625
Centrale,Tchaoudjo,Agouloudè,13,1.3245735897435897,9.119722051282052
Centrale,Tchaoudjo,Aléhéridè,27,1.1987830153653403,9.20538389808031
Centrale,Tchaoudjo,Amaïde,20,1.1743597632642158,9.163682607428413
Centrale,Tchaoudjo,Kadambara,56,1.158095556749109,8.953419622849358
Centrale,Tchaoudjo,Kolina,13,1.1087096388079185,9.094438541447413
Centrale,Tchaoudjo,Kpangalam,261,1.1344034428463055,9.011525973935228
Centrale,Tchaoudjo,Kparataou,66,1.253723698969873,8.937402891349581
Centrale,Tchaoudjo,Kpassaouade,10,1.2760635,9.046429
Centrale,Tchaoudjo,Kéméni,5,1.2441981029197153,9.233921147857192
Centrale,Tchaoudjo,Lama-Tessi,45,1.0792142311449526,8.85347750774746
Centrale,Tchaoudjo,Sokodè (Komah),862,1.1440434155541142,8.9816954326062
Centrale,Tchaoudjo,Tchalo,23,1.1214497956974534,8.936543296602869
Centrale,Tchaoudjo,Wassarabo,10,1.259009,9.015175333333334
Kara,Assoli,Alédjo,18,1.2257027231371758,9.275263477629814
Kara,Assoli,Bafilo,153,1.2478614948167923,9.354947233942598
Kara,Assoli,Bouladè,7,1.2266805897612296,9.40480419532284
Kara,Assoli,Dako (Daoude),9,1.0656618169804375,9.323258788144905
Kara,Assoli,Koumondè,13,1.23794902125585,9.305597051315692
Kara,Assoli,Soudou,28,1.3432113168677007,9.369080804516798
Kara,Bassar,Baghan,9,0.6608807407407408,9.0658
Kara,Bassar,Bangeli,40,0.6307733556972828,9.42269849209395
Kara,Bassar,Bassar,257,0.7844920274263091,9.259956668488362
Kara,Bassar,Bitchabe,4,0.5804862700029515,9.317571539563392
Kara,Bassar,Dimori,10,0.5880601666666666,9.179001333333334
Kara,Bassar,Kabou,70,0.8149453417068053,9.46002351161774
Kara,Bassar,Kalanga,7,0.6809932493201639,9.275561114052692
Kara,Bassar,Manga,10,0.7043079822773926,9.557877341301237
Kara,Bassar,Sanda-Afohou,12,0.9419449271356942,9.4831947109757
Kara,Bassar,Sanda-Kagbanda,17,0.8976772658997341,9.487535740001874
Kara,Binah,Boufalé,12,1.3506727875978628,9.839788920768553
Kara,Binah,Kémérida,9,1.3565287538000492,9.667703460385733
Kara,Binah,Kétao,99,1.3098780768364262,9.659132398414597
Kara,Binah,Lama-Dessi,12,1.2714007367913405,9.719932905762809
Kara,Binah,Pagouda,47,1.3225498883586746,9.745842119218443
Kara,Binah,Pessaré,7,1.245372788532285,9.796120308362175
Kara,Binah,Pitikita,2,1.2277307939850313,9.77205752428699
Kara,Binah,Sirka,12,1.3308865891731836,9.553136142924176
Kara,Binah,Solla,12,1.3485703986740052,9.890197543996882
Kara,Dankpen,Bapuré,20,0.5957034965288013,9.526958975927032
Kara,Dankpen,Guérin-Kouka,96,0.607657289652028,9.692603155359384
Kara,Dankpen,Katchamba,7,0.508731483420459,9.899716047216023
Kara,Dankpen,Kidjabou,7,0.4710817096672489,9.778020419933894
Kara,Dankpen,Koulféikou,11,0.40413580596875137,9.961602051727793
Kara,Dankpen,Koutchitchéou,8,0.7496467786464202,9.61251559676052
Kara,Dankpen,Namon,10,0.814560499968524,9.724811640513948
Kara,Dankpen,Nandouta,5,0.3748852496200456,9.55521199557837
Kara,Dankpen,Naompoch,8,0.62771586765928,9.811929451619415
Kara,Dankpen,Natchiboré,6,0.8015805619087882,9.805897508561065
Kara,Dankpen,Natchitikpi,7,0.7436459372320051,9.688877105958715
Kara,Dankpen,Nawaré,5,0.6311436666666667,9.610367666666667
Kara,Doufelgou,Agbandè-Yaka,4,1.1036262552046134,9.74069901029497
Kara,Doufelgou,Alloum,15,0.9231444445049773,9.739431462694446
Kara,Doufelgou,Baga,11,1.1017570081459989,9.794307623262721
Kara,Doufelgou,Défalé,27,1.091320725164319,9.86936117316388
Kara,Doufelgou,Kadjalla,15,0.9446608888888889,9.804010555555555
Kara,Doufelgou,Koka,6,1.1578492431551117,9.781429695509813
Kara,Doufelgou,Kpaha,3,1.1222418648571686,9.881848016168137
Kara,Doufelgou,Léon,7,0.930321855085644,9.692839023501522
Kara,Doufelgou,Niamtougou,65,1.108422436064333,9.761548192845332
Kara,Doufelgou,Siou,25,1.1977875030257679,9.816986462025099
Kara,Doufelgou,Tchoré,3,1.0232245782478067,9.847118350357748
Kara,Doufelgou,Ténéga,3,1.1361381305654767,9.815697539456275
Kara,Kozah,Atchangbadè,25,1.1234403095362266,9.468630817319955
Kara,Kozah,Awandjélo,22,1.1978353315659092,9.475409285077157
Kara,Kozah,Bohou,20,1.172415124142947,9.610863678688869
Kara,Kozah,Commune De Kara,1257,1.1963993535037303,9.550016201212404
Kara,Kozah,Djamdè,10,1.0375304335406317,9.506915675092992
Kara,Kozah,Kouméa,25,1.195031209986969,9.71146801094175
Kara,Kozah,Kpinzindè,12,1.2914230729925333,9.493648486990804
Kara,Kozah,Landa,30,1.265842739200241,9.66811420105476
Kara,Kozah,Lassa,60,1.2266291521265422,9.614458499377019
Kara,Kozah,Pya,40,1.1486682725586799,9.661174940950158
Kara,Kozah,Sara-Kawa,9,1.0015963229062643,9.631211727231907
Kara,Kozah,Soumdina,19,1.2532058735752052,9.64235310552299
Kara,Kozah,Tcharè,8,1.181923199351366,9.659588973288294
Kara,Kozah,Tchitchao,9,1.1425568518518519,9.625699444444443
Kara,Kozah,Yadè,16,1.1586765562600128,9.594837170394417
Kara,Kéran,Akpontè,6,0.9218811055233925,10.216630340887537
Kara,Kéran,Ataloté,8,0.9235433333333334,9.937496249999999
Kara,Kéran,Hélota,13,0.7553983963962979,9.936553860412431
Kara,Kéran,Kantè,77,1.048478775464899,9.954479484974755
Kara,Kéran,Nadoba,9,1.082130835701112,10.136209525143
Kara,Kéran,Ossacré,17,0.7464130672112443,10.05649062852014
Kara,Kéran,Pessidè,8,0.9300572193464828,10.027672374802435
Kara,Kéran,Warengo,1,1.123915,10.103315
Maritime,Agoè-Nyivé,Adétikopé,297,1.2197758269372723,6.321852676964646
Maritime,Agoè-Nyivé,Agoè-Nyivé,446,1.1880185895995943,6.2339668521775575
Maritime,Agoè-Nyivé,Légbassito,37,1.1487063440809673,6.262832965778632
Maritime,Agoè-Nyivé,Sanguera,97,1.1332741556100412,6.233193421237832
Maritime,Agoè-Nyivé,Togblekope,258,1.2139972465886402,6.265130054856654
Maritime,Agoè-Nyivé,Vakpossito,263,1.1664325790177583,6.217797316596269
Maritime,Avé,Aképé,22,1.0698295555392578,6.245316609954679
Maritime,Avé,Ando,5,0.8106759828472277,6.477953069202788
Maritime,Avé,Assahoun,43,0.9097025885900033,6.4545621828026665
Maritime,Avé,Badja,10,1.0153633109388671,6.387323423716817
Maritime,Avé,Edzi,1,0.87036,6.384941666666666
Maritime,Avé,Kévé,11,0.9460418105351792,6.4522527485821115
Maritime,Avé,Noépé,17,1.0375902848662821,6.2618748675691345
Maritime,Avé,Tovégan,9,0.8914639222001721,6.605150780466908
Maritime,Avé,Zolo,10,0.9054040000000001,6.390509833333334
Maritime,Bas-Mono,Afagnan-Gbléta,42,1.6151809905550472,6.497100256660339
Maritime,Bas-Mono,Afagnangan,88,1.6340187949519134,6.495725944189801
Maritime,Bas-Mono,Agbétiko,4,1.7294404213903036,6.476281450371218
Maritime,Bas-Mono,Agome-Glozou,6,1.6636485978079667,6.555138058581188
Maritime,Bas-Mono,Attitogon,23,1.6593517724476632,6.429381706510927
Maritime,Bas-Mono,Hompou,1,1.7025066666666664,6.435569999999999
Maritime,Bas-Mono,Kpétsou,19,1.5758866388533057,6.52928127527754
Maritime,Golfe,Aflao-Gakli,1062,1.182104437471036,6.1924870202952205
Maritime,Golfe,Aflao-Sagbado,777,1.1366115492280429,6.185087414277221
Maritime,Golfe,Amoutivé,809,1.2142359400563596,6.133095799882235
Maritime,Golfe,Baguida,482,1.3335468431564477,6.177674238652474
Maritime,Golfe,Bè-Centre,454,1.2454163174926585,6.181196962055237
Maritime,Golfe,Bè-Est,1256,1.2620681707746855,6.164469441092654
Maritime,Golfe,Bè-Ouest,281,1.2162443778098986,6.159199031644255
Maritime,Lacs,Agbodrafo,179,1.4898651196515729,6.214426516619479
Maritime,Lacs,Agouégan,12,1.7024771799065883,6.262620952884078
Maritime,Lacs,Aklakou,28,1.7199108792976256,6.3325636598261985
Maritime,Lacs,Anfoin,47,1.6075785097904038,6.33067457121675
Maritime,Lacs,Aného,57,1.5859563428768026,6.228080681188501
Maritime,Lacs,Canton D’Aneho,83,1.6149477155913163,6.237881185232464
Maritime,Lacs,Fiata,25,1.6479911234668239,6.308987037221807
Maritime,Lacs,Ganavé,14,1.6311662970994598,6.314241671136156
Maritime,Lacs,Gbodjomé,264,1.4031498466209291,6.197287131853042
Maritime,Lacs,Glidji,32,1.6060863764805204,6.2570996113842305
Maritime,Vo,Akoumapé,43,1.4442386821705426,6.391728100775194
Maritime,Vo,Anyron-Kopé,7,1.548335238095238,6.269482142857143
Maritime,Vo,Dagbati,26,1.5017203846153846,6.4431175
Maritime,Vo,Dzrékpo,58,1.5685881294426502,6.4588444321074245
Maritime,Vo,Hahotoé,55,1.4134726363636363,6.363577848484849
Maritime,Vo,Mome-Hounkpati,16,1.5589877818646671,6.474366991461764
Maritime,Vo,Sévagan,15,1.4274099999999998,6.300041333333334
Maritime,Vo,Togoville,45,1.485686299100948,6.2396334830762195
Maritime,Vo,Vo-Koutimé,36,1.5742007834774736,6.359115601253887
Maritime,Vo,Vogan,175,1.5281586535591292,6.338230535819747
Maritime,Yoto,Ahépé,17,1.3934094925642344,6.604598266186797
Maritime,Yoto,Amoussimé,7,1.5239297909045517,6.632680322507142
Maritime,Yoto,Essé-Godjin,3,1.5557236212969905,6.720592350172652
Maritime,Yoto,Gboto,9,1.5014221114591075,6.682555112198689
Maritime,Yoto,Kini-Kondji,2,1.5465505958122923,6.611279083671025
Maritime,Yoto,Kouvé,18,1.4111112658710887,6.661979882570948
Maritime,Yoto,Sendome,2,1.5743808333333331,6.765446945237988
Maritime,Yoto,Tabligbo,55,1.5019046312248456,6.595786047826609
Maritime,Yoto,Tchékpo,27,1.3586999382218348,6.536880293706351
Maritime,Yoto,Tokpli,11,1.5754928857372705,6.639862738936097
Maritime,Yoto,Tométy-Kondji,2,1.535050088030235,6.7778785994854225
Maritime,Yoto,Zafi,7,1.3664162788853538,6.640531275628653
Maritime,Zio,Abobo,28,1.312713776271893,6.261880065039192
Maritime,Zio,Agbélouvé,125,1.1033065230674681,6.708212493894178
Maritime,Zio,Bolou,18,1.097928065913186,6.440294617035404
Maritime,Zio,Dalavé,51,1.2424746831861995,6.383928606764519
Maritime,Zio,Davié,153,1.1964818746122687,6.369583735905768
Maritime,Zio,Djagblé,26,1.27374789998042,6.2605117179844045
Maritime,Zio,Gamé-Sèva,17,1.205601881750827,6.699740654881422
Maritime,Zio,Gapé-Centre,41,1.1127289018900202,6.596941190211935
Maritime,Zio,Gapé-Kpodji,7,0.9788170765849789,6.668849679121155
Maritime,Zio,Gbatopé,62,1.288642525380538,6.470010707497363
Maritime,Zio,Gblainvié,9,1.117351800521406,6.481094459416932
Maritime,Zio,Kovié,14,1.084399959619259,6.331955001125887
Maritime,Zio,Kpomé,22,1.3526681924797888,6.300272878261179
Maritime,Zio,Mission-Tové,41,1.1250165532545005,6.299904140218001
Maritime,Zio,Tsévié,157,1.210362971751638,6.422927839496858
Maritime,Zio,Wli,8,1.1309064368104589,6.402117256961286
Plateaux,Agou,Agotimé-Nord,4,0.6633927257744908,6.718001755911722
Plateaux,Agou,Agotimé-Sud (Adzakpa),1,0.8146708397654356,6.64028433703796
Plateaux,Agou,Agou-Akplolo,12,0.7708994794340739,6.889409266858649
Plateaux,Agou,Agou-Atigbé,1,0.7072763605241267,6.8235121119449476
Plateaux,Agou,Agou-Iboé,2,0.7845158304157358,6.870784295719874
Plateaux,Agou,Agou-Kébo,2,0.7461921704526263,6.86090187049933
Plateaux,Agou,Agou-Nyogbo-Agbétiko,23,0.7311627133051495,6.898455425955884
Plateaux,Agou,Agou-Nyogbo-Dzidjole,17,0.7239543381600828,6.878619252705318
Plateaux,Agou,Agou-Tavié,47,0.712703882135615,6.843756433561565
Plateaux,Agou,Amoussou-Kopé,45,0.8423259021828923,6.67895839615859
Plateaux,Agou,Assahoun-Fiagbé,1,0.7052592085053658,6.795067806406557
Plateaux,Agou,Gadja,57,0.7974648417602371,6.805310536114453
Plateaux,Agou,Kati,12,0.8488771497263392,6.890494189061301
Plateaux,Akébou,Djon,8,0.7889174339995884,7.735931571436469
Plateaux,Akébou,Gbendè,2,0.6772116666666667,7.73536
Plateaux,Akébou,Kamina-Akébou,17,0.8560371149493526,7.92436021410028
Plateaux,Akébou,Kougnohou,43,0.7897406625913477,7.654095474016097
Plateaux,Akébou,Kpalavé,2,0.8525366666666667,7.851515833333332
Plateaux,Akébou,Sérégbénè,5,0.7482343333333333,7.845137333333332
Plateaux,Akébou,Veh,4,0.7137768391412953,7.664057925723699
Plateaux,Akébou,Yalla,6,0.6742480555555556,7.814819444444445
Plateaux,Amou,Adiva,4,1.022575325680086,7.5128159007374595
Plateaux,Amou,Amlamé (Ouma),32,0.9073264287262208,7.4611182096221516
Plateaux,Amou,Amou-Oblo,18,0.8676375846229833,7.387343747073913
Plateaux,Amou,Ekpégnon,1,1.023603153129945,7.252346112053424
Plateaux,Amou,Evou,28,1.0499129182638627,7.523587537151839
Plateaux,Amou,Hihéatro,28,1.1023114259960445,7.542326198128173
Plateaux,Amou,Imlè-Adiva,7,0.9799339263034519,7.501719042087319
Plateaux,Amou,Kpatégan,7,1.0495338716234894,7.330520716073781
Plateaux,Amou,Otadi,15,0.9931806357215038,7.66572188054117
Plateaux,Amou,Sodo,5,0.8489888917074937,7.303108461568959
Plateaux,Amou,Témédja,30,1.0705575391977438,7.521712682408089
Plateaux,Anié,Adogbénou,29,1.4367713664061237,7.739224519568431
Plateaux,Anié,Anié,208,1.1944981264238284,7.764405385891398
Plateaux,Anié,Atchinédji,10,1.4098526666666666,7.683276333333334
Plateaux,Anié,Glitto,9,1.5122192592592592,7.600405555555556
Plateaux,Anié,Kolo-Kopé,12,1.2893818431215778,7.797377707835135
Plateaux,Anié,Pallakoko,17,1.0813769247534177,7.8796529991791395
Plateaux,Danyi,Ahlon,10,0.6622154587632626,7.299954495266054
Plateaux,Danyi,Danyi-Atigba,75,0.6949238620036308,7.224221625822252
Plateaux,Danyi,Danyi-Elavagnon,27,0.7134320389759963,7.291343954490683
Plateaux,Danyi,Danyi-Kakpa,22,0.6522160657948187,7.144370300821788
Plateaux,Danyi,Danyi-Kpeto-Evita,6,0.7317692021654159,7.261703783477421
Plateaux,Danyi,Yikpa,2,0.6141849578617808,7.137628245910592
Plateaux,Est-Mono,Badin-Copé,30,1.5492748228576825,8.210209569465569
Plateaux,Est-Mono,Elavagnon,54,1.330912111264126,7.952530863963001
Plateaux,Est-Mono,Gbadjahè,15,1.31387276444572,7.855656010675348
Plateaux,Est-Mono,Kamina,18,1.5587653315823298,8.06888595214642
Plateaux,Est-Mono,Kpéssi,6,1.26980948362184,8.067055313004799
Plateaux,Est-Mono,Morétan,51,1.3510984175233491,8.132290685788872
Plateaux,Est-Mono,Nyamassila,35,1.1917808319999799,7.984327439920493
Plateaux,Haho,Akpakpakpé,13,1.0736557692307693,7.094184487179486
Plateaux,Haho,Asrama,32,1.4141643205920191,7.0092381848396865
Plateaux,Haho,Atchavé,26,1.2025232933412802,6.8681684805927
Plateaux,Haho,Dalia,27,1.2406053654534812,6.8142503473230525
Plateaux,Haho,Djemegni,22,1.3262300397375866,6.979037464075821
Plateaux,Haho,Hahomégbé,20,1.0064518480375748,6.913746824800495
Plateaux,Haho,Kpegnon (Haito),13,0.9815288461538461,7.172838076923076
Plateaux,Haho,Kpédomé,105,1.1552340125037364,7.017742934982903
Plateaux,Haho,Notsé,114,1.1686627397234044,6.946157715581118
Plateaux,Haho,Wahala,81,1.1714115545510084,7.167555055142916
Plateaux,Kloto,Agome-Kpalime,368,0.6317256367639631,6.912813724000814
Plateaux,Kloto,Agomé-Tomégbé,6,0.5631135500000001,6.953720655555556
Plateaux,Kloto,Agomé-Yoh,2,0.5890458333333334,6.9456675
Plateaux,Kloto,Gbalabé,6,0.6040068142894727,6.867755990351436
Plateaux,Kloto,Hanyigba,5,0.5977582706667437,6.905654922815721
Plateaux,Kloto,Kouma,28,0.6038960686757672,6.967502800662234
Plateaux,Kloto,Kpadapé,3,0.5927536097576787,6.840764278957256
Plateaux,Kloto,Kpimé,26,0.6394116714272433,7.011224561989707
Plateaux,Kloto,Lavié,21,0.6778893877644203,7.031657128614106
Plateaux,Kloto,Lavié-Apédomé,10,0.6758807083264892,7.010188139073516
Plateaux,Kloto,Tomé,2,0.6436525,6.831172500000001
Plateaux,Kloto,Tové,10,0.6547434098947171,6.878339871592749
Plateaux,Kloto,Womé,10,0.5675827005421555,6.845248628145519
Plateaux,Kloto,Yokélé,6,0.6568777777777778,6.932748055555556
Plateaux,Kpélé,Kpélé-Akata,15,0.7093846193544685,7.052687167951458
Plateaux,Kpélé,Kpélé-Centre,12,0.74662818071159,7.172037039838167
Plateaux,Kpélé,Kpélé-Dawlotou,4,0.9014980201075917,6.9530493365849
Plateaux,Kpélé,Kpélé-Dutoé,5,0.7981045036982815,7.265698312161861
Plateaux,Kpélé,Kpélé-Gbalédzé,9,0.7541613830531751,7.187629941549456
Plateaux,Kpélé,Kpélé-Govié,15,0.736247749256306,7.152877171527065
Plateaux,Kpélé,Kpélé-Kamé,21,0.8148984860686385,7.229373004731181
Plateaux,Kpélé,Kpélé-Nord,24,0.8125061787280257,7.280844466008298
Plateaux,Kpélé,Kpélé-Novivé,150,0.743117848991277,7.122335376902006
Plateaux,Moyen-Mono,Ahassomè,4,1.5019912880517083,7.237728027506652
Plateaux,Moyen-Mono,Katomé,4,1.6203864794895673,7.381928814357918
Plateaux,Moyen-Mono,Kpékplémé,27,1.6206931931422117,7.325757598246033
Plateaux,Moyen-Mono,Saligbé,11,1.6166494858250078,7.240424094617182
Plateaux,Moyen-Mono,Tado,9,1.5779164011206641,7.15509668352672
Plateaux,Moyen-Mono,Tohoun,26,1.6082333025006885,7.036241969196897
Plateaux,Ogou,Akparé,14,1.3312433692552879,7.4603121755058694
Plateaux,Ogou,Datcha,8,1.1599592116046435,7.439810221564541
Plateaux,Ogou,Djama,31,1.1356624485791087,7.540893777735873
Plateaux,Ogou,Gléi,85,1.158344024994307,7.311612084167858
Plateaux,Ogou,Gnagna,226,1.1283556150455312,7.525106895804917
Plateaux,Ogou,Houdou,14,1.1701720213895885,7.611722977490805
Plateaux,Ogou,Katoré,22,1.3330755989100334,7.3955292031550215
Plateaux,Ogou,Ountivou,21,1.5208481543995067,7.421718188742138
Plateaux,Wawa,Badou,89,0.5989108523364539,7.584651571780138
Plateaux,Wawa,Doumé,13,0.7928885337608134,7.5613206361762
Plateaux,Wawa,Ekéto,1,0.8275536550601417,7.441135414971696
Plateaux,Wawa,Gbadi-N'kougna,13,0.6902536212941838,7.464255558780641
Plateaux,Wawa,Gobé,2,0.8065833333333334,7.517878333333334
Plateaux,Wawa,Klabé-Efoukpa,9,0.7616808420441583,7.610787285866094
Plateaux,Wawa,Kpété-Béna,34,0.5702316463333782,7.44029308595226
Plateaux,Wawa,Késsibo,21,0.6041214213038241,7.650390448323058
Plateaux,Wawa,Okou,5,0.8548422836375792,7.570498242091586
Plateaux,Wawa,Ounabé,5,0.9614364009288939,7.557463284728937
Plateaux,Wawa,Tomégbé,28,0.593214229604184,7.510596150918829
Plateaux,Wawa,Zogbégan,24,0.6862835989245365,7.57675569471963
Savanes,Cinkassé,Biankouri,16,0.049949962323872256,11.022470283895128
Savanes,Cinkassé,Boadé,3,-0.04878725876164803,11.117906305534403
Savanes,Cinkassé,Cinkassé,462,0.020041790915274756,11.101168445053702
Savanes,Cinkassé,Gouloungoussi,2,-0.103475,11.117691666666667
Savanes,Cinkassé,Nadjoundi,17,0.18707875543323538,11.014686657744507
Savanes,Cinkassé,Sam-Naba,20,0.14580313197947706,11.064445944316542
Savanes,Cinkassé,Timbou,23,0.11608640739698857,11.032882278681301
Savanes,Kpendjal,Borgou,5,0.6104047095841546,10.744509464133733
Savanes,Kpendjal,Koundjoaré,18,0.649096381759011,10.94526775385502
Savanes,Kpendjal,Mandouri,17,0.809741342872843,10.866364698136563
Savanes,Kpendjal,Tambigou,1,0.7785166666666666,10.740943333333332
Savanes,Kpendjal-Ouest,Naki-Est,47,0.36980537966978694,10.73118022104299
Savanes,Kpendjal-Ouest,Namoundjoga,11,0.4028729884980986,10.878180187501407
Savanes,Kpendjal-Ouest,Nayéga,6,0.4073967796780829,10.75714521210726
Savanes,Kpendjal-Ouest,Ogaro,20,0.4714997781025613,10.74331307637067
Savanes,Kpendjal-Ouest,Papri,20,0.4280076642720581,10.97875151321622
Savanes,Kpendjal-Ouest,Pogno,16,0.4984490565825316,10.954961880426973
Savanes,Kpendjal-Ouest,Tambonga,9,0.4397104644177837,10.94543086731074
Savanes,Oti,Barkoissi,108,0.32616222156490454,10.570823796089043
Savanes,Oti,Faré,1,0.393440574095371,10.179847402403539
Savanes,Oti,Galangashie,16,0.3356960457094288,10.527750764891818
Savanes,Oti,Loko,8,0.2533103812983335,10.563621028808061
Savanes,Oti,Mango,202,0.47435336894386787,10.35138942461309
Savanes,Oti,Nagbéni,23,0.43753374114396176,10.656957351900422
Savanes,Oti,Sadori,5,0.44876071673867735,10.282170262199555
Savanes,Oti,Tchanaga,5,0.49162310003501536,10.49894570082665
Savanes,Oti-Sud,Gando,63,0.7592589824585293,10.310851496971448
Savanes,Oti-Sud,Koumongou,9,0.44665733252189427,10.189112768620555
Savanes,Oti-Sud,Kountoire,15,0.6470674111730903,10.098706605839626
Savanes,Oti-Sud,Mogou,13,0.639239358643192,10.389422871553371
Savanes,Oti-Sud,Nali,3,0.4540361434880104,10.032525535747629
Savanes,Oti-Sud,Sagbiebou,33,0.642203903606932,10.244196174908337
Savanes,Oti-Sud,Takpamba,12,0.5747948104867099,9.969086377731925
Savanes,Oti-Sud,Tchamonga,11,0.6705769410470213,10.554863170705778
Savanes,Tandjoaré,Bagou,1,0.0389883333333333,10.683868333333331
Savanes,Tandjoaré,Bogou,12,0.18411873322150366,10.66315437495434
Savanes,Tandjoaré,Bombouaka,17,0.20551660925566134,10.705888873930283
Savanes,Tandjoaré,Doukpergou,10,0.06418183333333334,10.6578275
Savanes,Tandjoaré,Goundoga,8,0.15405416666666666,10.70124625
Savanes,Tandjoaré,Loko,1,0.2493566666666666,10.608061666666666
Savanes,Tandjoaré,Lokpano,4,0.117755,10.603431666666665
Savanes,Tandjoaré,Nandoga,4,0.2029115608460451,10.670430665021962
Savanes,Tandjoaré,Nano,36,0.10828129629629629,10.70349462962963
Savanes,Tandjoaré,Pligou,6,0.2935968202421463,10.663523366824064
Savanes,Tandjoaré,Sissiak,26,0.10820439573523698,10.760115974248777
Savanes,Tandjoaré,Tamongue,18,0.17506222222222223,10.548742037037037
Savanes,Tandjoaré,Tampialime,16,0.0013838797068508246,10.749780375324672
Savanes,Tône,Bidjenga,10,0.30621183333333335,10.689811
Savanes,Tône,Dapaong,869,0.20170393247608587,10.867179297609786
Savanes,Tône,Kantindi,29,0.27774847392110225,10.912444798408698
Savanes,Tône,Korbongou,120,0.32276652641134085,10.928689567919475
Savanes,Tône,Kourientre,8,0.22403066229454874,10.996716432588702
Savanes,Tône,Lotogou,18,0.02698560450749833,10.79613927353595
Savanes,Tône,Louanga,9,0.34002636947659765,10.8845923647816
Savanes,Tône,Naki-Ouest,45,0.09045867439690808,10.920918731259489
Savanes,Tône,Namaré,9,0.10996318124172427,10.98546062981017
Savanes,Tône,Nanergou,22,0.14311524012037327,10.913895145603629
Savanes,Tône,Natigou,3,0.2611930700603009,10.981956978642017
Savanes,Tône,Nioukpourma,24,0.1302876923235314,10.839065436164875
Savanes,Tône,Pana,19,0.29352229700293914,10.75733043740454
Savanes,Tône,Poissongui,11,0.22689436012985062,11.049386059884974
Savanes,Tône,Sanfatoute,17,0.3035871506532968,11.019969831312675
Savanes,Tône,Tami,30,0.053748430568264546,10.852410148444553
Savanes,Tône,Toaga,26,0.25588890670386,10.898884146008474
Savanes,Tône,Warkambou,11,-0.02789621693171558,10.786891310973614
