prefecture_pdf,canton_pdf,masculin,feminin,population_totale,adm2_name,adm3_name,adm3_pcode,center_lat,center_lon,area_sqkm,method
Zio,TSEVIE,38755,42813,81568,Zio,Tsevie,TG030815,6.4936375,1.19877718,116.95159486,exact_pref
Zio,GBATOPE,12656,13661,26317,Zio,Gbatope,TG030810,6.4873215,1.28365465,269.83147349,exact_pref
Zio,KPOME,9251,9740,18991,Zio,Kpome,TG030813,6.339109,1.34204796,82.50004376,exact_pref
Zio,ABOBO,20145,20477,40622,Zio,Abobo,TG030801,6.250369,1.34884681,112.23551667,exact_pref
Zio,DJAGBLE,31754,33701,65455,Zio,Djagble,TG030806,6.2388635,1.2881106,32.67444796,exact_pref
Zio,DALAVE,12221,12375,24596,Zio,Dalave,TG030804,6.3419855,1.27370846,103.47654966,exact_pref
Zio,DAVIE,19405,21113,40518,Zio,Davie,TG030805,6.3561175,1.16549058,69.94209047,exact_pref
Zio,GBLAINVIE,4375,4850,9225,Zio,Gblainvie,TG030811,6.497109,1.11177847,111.24522254,exact_pref
Zio,KOVIE,10024,10810,20834,Zio,Kovie,TG030812,6.3331795,1.08878846,48.34605211,exact_pref
Zio,WLI,2716,2971,5687,Zio,Wli,TG030816,6.3971465,1.12262367,49.75528926,exact_pref
Zio,BOLOU,6050,6828,12878,Zio,Bolou Kpeta,TG030803,6.44595,1.12974679,75.17100293,fuzzy
Zio,MISSION TOVE,28134,28660,56794,Zio,Mission-Tove,TG030814,6.300966,1.12641845,56.52374973,fuzzy
Zio,AGBELOUVE,24520,25699,50219,Zio,Agbelouve,TG030802,6.725136,1.0640904,452.9506497,exact_pref
Zio,GAME,8811,8813,17624,Zio,Game,TG030807,6.748451,1.16453913,208.40690193,exact_pref
Zio,GAPE-CENTRE,9460,10755,20215,Zio,Gape-Centre,TG030809,6.6020945,1.07264145,262.14839081,exact_pref
Zio,GAPE-KPODJI,4090,4399,8489,Zio,Gape Kpodji,TG030808,6.708993,0.94511796,111.38099797,fuzzy
Yoto,TABLIGBO,17747,19435,37182,Yoto,Tabligbo,TG030708,6.5749365,1.48388925,40.59467215,exact_pref
Yoto,KOUVE,10309,11677,21986,Yoto,Kouve,TG030706,6.724689,1.4022068,317.66625095,exact_pref
Yoto,AMOUSSIME,5938,6782,12720,Yoto,Amoussime,TG030702,6.6378225,1.51043821,39.49807428,exact_pref
Yoto,KINI-KONDJI,2604,2861,5465,Yoto,Kini-Kondji,TG030705,6.5853885,1.54829289,29.31897559,exact_pref
Yoto,AHEPE,8556,9582,18138,Yoto,Ahepe,TG030701,6.5699345,1.4236099,95.1523491,exact_pref
Yoto,TCHEKPO,6934,7657,14591,Yoto,Tchekpo,TG030709,6.522515,1.37781262,171.68654892,exact_pref
Yoto,ZAFI,5231,5452,10683,Yoto,Zafi,TG030712,6.7097305,1.29181766,155.05688769,exact_pref
Yoto,TOKPLI,6547,7451,13998,Yoto,Tokpli,TG030710,6.6277465,1.57326266,79.48497246,exact_pref
Yoto,GBOTO,6151,7017,13168,Yoto,Gboto,TG030704,6.7166405,1.48255648,60.35619288,exact_pref
Yoto,TOMETY-KONDJI,4302,4766,9068,Yoto,Tomety-Kondji,TG030711,6.8246885,1.54342999,157.14037738,exact_pref
Yoto,SEDOME,4698,5257,9955,Yoto,Sedome,TG030707,6.7761895,1.58426845,37.95510589,exact_pref
Yoto,ESSE-GODJIN,3842,4055,7897,Yoto,Esse Godjin,TG030703,6.7144905,1.54500252,77.18600385,fuzzy
Bas-Mono,AFAGNAGAN,9127,10351,19478,Bas-Mono,Afagnan / Afagnagan,TG030201,6.5041125,1.63203284,112.25715045,fuzzy
Bas-Mono,AFAGNAN,7427,8502,15929,Bas-Mono,Afagnan / Afagnagan,TG030201,6.5041125,1.63203284,112.25715045,fuzzy
Bas-Mono,AGOME-GLOZOU,3475,3779,7254,Bas-Mono,Agome Glozou/Agbetiko,TG030202,6.501472,1.68786447,72.98692102,fuzzy
Bas-Mono,KPETSOU,5944,6777,12721,Bas-Mono,Kpetsou,TG030205,6.5403915,1.58603307,35.1716949,exact_pref
Bas-Mono,ATTITOGON,14516,16772,31288,Bas-Mono,Attitogon,TG030203,6.4102385,1.64853773,68.97885036,exact_pref
Bas-Mono,AGBETIKO,1919,2168,4087,Bas-Mono,Agome Glozou/Agbetiko,TG030202,6.501472,1.68786447,72.98692102,fuzzy
Bas-Mono,HOMPOU,1958,2145,4103,Bas-Mono,Hompou,TG030204,6.4188905,1.71718071,40.08802423,exact_pref
Lacs,ANEHO,13533,14704,28237,Lacs,Aneho,TG030404,6.238067,1.60710534,17.39448502,exact_pref
Lacs,GLIDJI,11719,13038,24757,Lacs,Glidji,TG030407,6.2709135,1.60575814,40.04226344,exact_pref
Lacs,AKLAKOU,14880,16150,31030,Lacs,Aklakou,TG030403,6.3394925,1.71717882,179.99184507,exact_pref
Lacs,AGOUEGAN,5555,6270,11825,Lacs,Agouegan,TG030402,6.273966,1.71979261,49.17277933,exact_pref
Lacs,AGBODRAFO,17147,18115,35262,Lacs,Agbodrafo,TG030401,6.2125395,1.517279,81.48233086,exact_pref
Lacs,GBODJOME,35014,37900,72914,,,,,,,unmatched
Lacs,ANFOIN,8163,9009,17172,Lacs,Anfoin,TG030405,6.340102,1.61107313,25.37745704,exact_pref
Lacs,GANAVE,5146,5916,11062,Lacs,Ganave/Fiata,TG030406,6.3263905,1.63842395,22.93776515,fuzzy
Lacs,FIATA,4311,4677,8988,Lacs,Ganave/Fiata,TG030406,6.3263905,1.63842395,22.93776515,fuzzy
Vo,VOGAN,29903,34772,64675,Vo,Vogan,TG030609,6.360466,1.50164628,161.9336999,exact_pref
Vo,VO-KOUTIME,11594,12596,24190,Vo,Vo-Koutime,TG030610,6.398733,1.53695039,61.68650901,exact_pref
Vo,TOGOVILLE,8646,9607,18253,Vo,Togoville,TG030608,6.2559935,1.46966189,77.2915368,exact_pref
Vo,ANYRON KOPE,2866,3277,6143,Vo,Anyron Kope,TG030602,6.259088,1.55343911,32.32379531,exact_pref
Vo,DZREKPO,14002,15685,29687,Vo,Dzrekpo,TG030604,6.4402515,1.56889204,57.58431778,exact_pref
Vo,DAGBATI,8495,9711,18206,Vo,Dagbati,TG030603,6.487658,1.5049104,96.54854893,exact_pref
Vo,MOME-HOUNKPATI,7622,9136,16758,Vo,Mome-Hounkpati,TG030606,6.502912,1.55479811,42.03791153,exact_pref
Vo,AKOUMAPE,8780,10407,19187,Vo,Akoumape,TG030601,6.433624,1.43719233,123.41311181,exact_pref
Vo,SEVAGAN,5942,6977,12919,Vo,Sevagan,TG030607,6.31843,1.42207867,63.68895772,exact_pref
Vo,HAHOTOE,6635,7758,14393,Vo,Hahotoe,TG030605,6.3964085,1.38973692,38.92518801,exact_pref
Avé,KEVE,5524,6211,11735,Ave,Keve,TG030105,6.478304,1.01955256,105.78303589,exact_pref
Avé,DZOLO,3751,4350,8101,Ave,Dzolo,TG030104,6.380591,0.90563391,123.4217079,exact_pref
Avé,EDZI,859,973,1832,,,,,,,unmatched
Avé,TOVEGAN,6152,6580,12732,Ave,Tovegan,TG030107,6.6162905,0.9155744,188.80213605,exact_pref
Avé,ASSAHOUN/ANDO,19326,21318,40644,Ave,Assahoun/Ando Peme,TG030102,6.4986765,0.85115802,377.66242577,fuzzy
Avé,NOEPE,4747,5049,9796,Ave,Noepe,TG030106,6.277793,1.03944995,37.3412055,exact_pref
Avé,BADJA,4699,4714,9413,Ave,Badja,TG030103,6.3763795,1.01826737,173.55284604,exact_pref
Avé,AKEPE,8273,8688,16961,Ave,Akepe,TG030101,6.2306755,1.07088335,42.7592164,exact_pref
Ogou,DJAMA,22867,23018,45885,,,,,,,unmatched
Ogou,GNAGNA,29195,31027,60222,Ogou,Gnagna,TG040904,7.5037845,1.16031023,76.22693236,exact_pref
Ogou,WOUDOU,4899,5295,10194,Ogou,Houdou,TG040905,7.6041065,1.1774126,67.48655252,fuzzy
Ogou,DATCHA,7277,7903,15180,Ogou,Datcha,TG040902,7.4069995,1.18572572,98.1093104,exact_pref
Ogou,KATORE,6904,6731,13635,Ogou,Katore,TG040906,7.383606,1.31635783,277.38161312,exact_pref
Ogou,AKPARE,13737,13730,27467,Ogou,Akpare,TG040901,7.453272,1.34743587,276.34673865,exact_pref
Ogou,GLEI,25362,26474,51836,Ogou,Glei,TG040903,7.2810905,1.24406962,455.49961696,exact_pref
Ogou,OUNTIVOU,13832,15216,29048,Ogou,Ountivou,TG040908,7.4182145,1.55545581,444.35822378,exact_pref
Moyen-Mono,TOHOUN,8507,9886,18393,Moyen-Mono,Tohoun,TG040806,7.0528345,1.60018921,112.91748905,exact_pref
Moyen-Mono,TADO,8696,9780,18476,Moyen-Mono,Tado,TG040805,7.141002,1.56924741,180.43164662,exact_pref
Moyen-Mono,AHASSOME,4492,5436,9928,Moyen-Mono,Ahassome,TG040801,7.2086135,1.514053,133.02016658,exact_pref
Moyen-Mono,KPEKPLEME,10088,12047,22135,Moyen-Mono,Kpekpleme,TG040803,7.3007125,1.58717434,97.80843708,exact_pref
Moyen-Mono,KATOME,3679,4426,8105,Moyen-Mono,Katome,TG040802,7.3725795,1.61528325,24.0583501,exact_pref
Moyen-Mono,SALIGBE,5951,7517,13468,Moyen-Mono,Saligbe,TG040804,7.2424235,1.5824921,78.02533296,exact_pref
Haho,NOTSE,28691,30292,58983,Haho,Notse,TG040607,6.926579,1.05355835,560.26376764,exact_pref
Haho,ATCHAVE,12708,12852,25560,Haho,Atsave,TG040602,6.8737715,1.31155966,305.8034716,fuzzy
Haho,DALIA,8078,8294,16372,Haho,Dalia,TG040603,6.817003,1.18224255,158.84354598,exact_pref
Haho,HAHOMEGBE,9691,9323,19014,,,,,,,unmatched
Haho,ASRAMA,23926,27068,50994,Haho,Assrama,TG040601,6.9901975,1.45830479,618.2469279,fuzzy
Haho,DJEMEGNI,14004,17509,31513,Haho,Djemegni,TG040604,7.0311175,1.3160669,203.60055166,exact_pref
Haho,KPEDOME,23016,23310,46326,Haho,Kpedome,TG040605,7.071503,1.11320004,598.09111608,exact_pref
Haho,AKPAKPAKPE,6218,6151,12369,,,,,,,unmatched
Haho,WAHALA,18028,18675,36703,Haho,Wahala,TG040608,7.2075155,1.28973092,444.20850382,exact_pref
Haho,AYITO,3669,3593,7262,Haho,Kpegnon/Haito,TG040606,7.187081,0.9940611,161.64913097,fuzzy
Agou,AGOU TAVIE,4367,4652,9019,Agou,Agou Agbetiko/Agou Dzidjole,TG040304,6.925972,0.7341313,68.62937884,fuzzy
Agou,AGOU-AKPLOLO,1274,1335,2609,Agou,Agou-Akplolo,TG040309,6.918968,0.79349672,45.41306757,exact_pref
Agou,AGOU KEBO,1274,1434,2708,Agou,Agou Kebo,TG040307,6.8685685,0.74171738,18.00283718,exact_pref
Agou,AGOU YIBOE,1524,1370,2894,Agou,Agou Yiboe/Kati,TG040308,6.9065205,0.87802648,109.95967608,fuzzy
Agou,KATI,4047,4184,8231,Agou,Agou Yiboe/Kati,TG040308,6.9065205,0.87802648,109.95967608,fuzzy
Agou,GADJA,10361,10273,20634,Agou,Gadja,TG040311,6.803169,0.84803928,207.46754634,exact_pref
Agou,AGOU ATIGBE,926,919,1845,Agou,Agou Atigbe,TG040305,6.7901165,0.74948677,33.60276265,exact_pref
Agou,ADJAHUN FIAGBE,1486,1448,2934,Agou,Adjahun Fiagbe,TG040301,6.762418,0.73506917,63.20770563,exact_pref
Agou,NYOGBO-NORD_ NYOGBO-SUD,3721,3733,7454,,,,,,,unmatched
Agou,AMOUSSOU KOPE,5799,5898,11697,Agou,Amoussou Kope,TG040310,6.661579,0.84432609,137.50501514,exact_pref
Agou,ADZAKPA,3638,3798,7436,Agou,Adzakpa,TG040302,6.614559,0.76185626,165.87885505,exact_pref
Agou,AGOTIME NORD,4032,4300,8332,Agou,Agotime Nord,TG040303,6.707528,0.68694882,213.62232711,exact_pref
Kloto,AGOME KPALIME,42058,45420,87478,Kloto,Agome,TG041201,6.935945,0.61289236,32.44912228,fuzzy
Kloto,YOKELE,1607,1641,3248,Kloto,Yokele,TG041212,6.937951,0.68000734,38.33505891,exact_pref
Kloto,TOVE,2792,2870,5662,Kloto,Tove,TG041210,6.871419,0.65531955,37.52211023,exact_pref
Kloto,TOME,1695,1592,3287,Kloto,Tome,TG041209,6.817672,0.65443538,29.52867054,exact_pref
Kloto,GBALAVE,1172,1132,2304,Kloto,Gbalave,TG041203,6.867997,0.59558739,20.35007374,exact_pref
Kloto,HANYIGBA,2202,2253,4455,Kloto,Hanyigba,TG041204,6.898516,0.60118267,34.24041928,exact_pref
Kloto,KPADAPE_WOME,5839,6114,11953,Kloto,Kpadape,TG041206,6.8009835,0.59968711,65.80110344,fuzzy
Kloto,KPIME,3676,3549,7225,Kloto,Kpime,TG041207,7.008336,0.63285968,70.57952725,exact_pref
Kloto,LAVIE /LAVIE APEDOME,4378,4563,8941,Kloto,Lavie/ Apedome,TG041208,7.032039,0.65056944,83.51006711,fuzzy
Kloto,KOUMA,3391,3424,6815,Kloto,Kouma,TG041205,6.98502,0.57993732,59.88871052,exact_pref
Kloto,AGOME,903,882,1785,Kloto,Agome,TG041201,6.935945,0.61289236,32.44912228,exact_pref
Kloto,AGOME-TOMEGBE,1448,1385,2833,Kloto,Agome-Tomegbe,TG041202,6.942733,0.54629601,26.77647324,exact_pref
Kpélé,KPELE-NOVIVE,14794,15193,29987,Kpele,Kpele-Centre,TG040706,7.180428,0.84874027,114.70026183,manual
Kpélé,AKATA,3826,3829,7655,Kpele,Akata,TG040702,7.045233,0.71976625,89.15192598,exact_pref
Kpélé,KPELE-GOVIE,2205,2424,4629,Kpele,Govie,TG040704,7.1548805,0.74436355,43.74019724,fuzzy
Kpélé,KPELE-DAWLOTOU,5540,5464,11004,Kpele,Kpele-Dawlotou,TG040707,7.0136365,0.84043889,246.24444989,exact_pref
Kpélé,KPELE-CENTRE/GOUDEVE,3610,3652,7262,Kpele,Kpele-Centre,TG040706,7.180428,0.84874027,114.70026183,fuzzy
Kpélé,KPELE-GBALADZE,1645,1680,3325,Kpele,Gbaladze,TG040703,7.212238,0.76220256,32.94298358,fuzzy
Kpélé,KPELE-KAME,2975,2991,5966,Kpele,Kame,TG040705,7.229914,0.85264315,75.58346203,fuzzy
Kpélé,KPELE-DUTOE,1775,1798,3573,Kpele,Kpele-Dutoe,TG040708,7.261518,0.8966666,29.65514203,exact_pref
Kpélé,KPELE-NORD,3759,3779,7538,Kpele,Kpele-Nord,TG040709,7.2898355,0.869168,95.46570991,exact_pref
Wawa,BADOU,10155,9989,20144,Wawa,Badou,TG040201,7.5633725,0.57635075,99.67972411,exact_pref
Wawa,KESSIBO,5322,5168,10490,Wawa,Kessibo,TG040204,7.640493,0.61540835,107.66663866,exact_pref
Wawa,TOMEGBE,4497,4287,8784,Wawa,Tomegbe,TG040209,7.5197915,0.59807356,93.8977092,exact_pref
Wawa,KPETE BENA,5970,5799,11769,Wawa,Kpete Bena,TG040206,7.438855,0.57934915,123.87617207,exact_pref
Wawa,EKETO_GBANDI- N'KOUGNA_GOBE,10442,9972,20414,Wawa,Gobe/Eketo/Gbadi N'Kugna,TG040203,7.454922,0.75501099,368.03074071,manual
Wawa,OKOU,2417,2348,4765,Wawa,Okou,TG040207,7.5675905,0.84132725,125.30312074,exact_pref
Wawa,OUNABE,1753,1724,3477,Wawa,Ounabe,TG040208,7.558954,0.94560234,70.56120823,exact_pref
Wawa,DOUME,2367,2275,4642,Wawa,Doume,TG040202,7.5563435,0.77746771,58.39055864,exact_pref
Wawa,ZOGBEGAN,5457,5455,10912,,,,,,,unmatched
Wawa,KLABE EFOUKPA,3003,2900,5903,Wawa,Klabe Efoukpa,TG040205,7.6021335,0.73730889,196.44389187,exact_pref
Akébou,KOUGNOHOU,6853,6865,13718,Akebou,Kougnohou,TG041004,7.6911035,0.81062451,96.48751882,exact_pref
Akébou,VHE,2627,2688,5315,Akebou,Veh,TG041007,7.67406,0.70900105,33.91341298,manual
Akébou,DJON,6857,6705,13562,Akebou,Djon,TG041001,7.7387945,0.80549589,187.394431,exact_pref
Akébou,GBENDE,3112,2959,6071,Akebou,Gbende,TG041002,7.76183,0.68044707,110.44042057,exact_pref
Akébou,YALLA,2790,2740,5530,Akebou,Yalla,TG041008,7.8277485,0.66327169,95.23830434,exact_pref
Akébou,KAMINA,7442,7190,14632,Akebou,Kamina,TG041003,7.93551,0.91509588,358.08055235,exact_pref
Akébou,KPALAVE,3442,3547,6989,Akebou,Kpalave,TG041005,7.832448,0.83936848,95.06504915,exact_pref
Akébou,SEREGBENE,4113,3900,8013,Akebou,Seregbene,TG041006,7.8709585,0.71439312,169.28518936,exact_pref
Amou,OUMA-AMLAME,6844,6938,13782,Amou,Ouma-Amlame,TG040112,7.460545,0.91994578,109.41960507,exact_pref
Amou,IMLE,2449,2357,4806,Amou,Imle,TG040108,7.4623525,0.99325036,95.7897072,exact_pref
Amou,ADIVA,562,596,1158,Amou,Adiva,TG040101,7.498801,1.01820885,10.53327579,exact_pref
Amou,AMOU-OBLO,9916,10007,19923,Amou,Amou-Oblo,TG040102,7.3613215,0.8649412,150.74019863,exact_pref
Amou,SODO,2032,1888,3920,Amou,Sodo,TG040113,7.328194,0.82648517,33.46323742,exact_pref
Amou,EKPEGNON,3035,3063,6098,Amou,Ekpegnon,TG040104,7.307489,0.97933512,142.15177543,exact_pref
Amou,KPATEGAN,5037,5038,10075,Amou,Kpategan,TG040109,7.360128,1.04705527,179.36748937,exact_pref
Amou,HIHEATRO,11290,12040,23330,Amou,Hiheatro,TG040107,7.581222,1.04808401,221.32544293,exact_pref
Amou,OKPAHOE,595,652,1247,Amou,Okpahoe,TG040110,7.6196775,1.01006244,15.17900617,exact_pref
Amou,OTADI,2731,2690,5421,Amou,Otadi,TG040111,7.720024,0.93864852,347.17736351,exact_pref
Amou,GAME,3693,3684,7377,Amou,Game,TG040106,7.771153,1.06801705,340.84807436,exact_pref
Amou,AVEDJE-ITADI,1533,1583,3116,Amou,Avedje,TG040103,7.421693,1.12995886,39.13009357,fuzzy
Amou,TEMEDJA,4423,4603,9026,Amou,Temedja,TG040114,7.463156,1.067738,82.67910836,exact_pref
Amou,EVOU,2403,2490,4893,Amou,Evou,TG040105,7.524058,1.02273753,39.9581071,exact_pref
Anié,ANIE,38841,39614,78455,Anie,Anie,TG041102,7.7804875,1.15344413,241.98242515,exact_pref
Anié,PALLAKOKO,3722,3650,7372,Anie,Pallakoko,TG041106,7.874308,1.11580057,139.15033139,exact_pref
Anié,KOLO-KOPE,7569,7349,14918,Anie,Kolokope,TG041105,7.765361,1.29423019,224.20016547,fuzzy
Anié,ADOGBENOU,19214,18784,37998,Anie,Adogbenou,TG041101,7.8131105,1.51940213,639.90896865,exact_pref
Anié,GLITTO,11465,11950,23415,Anie,Glitto,TG041104,7.6021915,1.56282627,329.67837578,exact_pref
Anié,ATCHINEDJI,9086,8914,18000,Anie,Atchinedji,TG041103,7.579525,1.38843077,411.05115216,exact_pref
Est-Mono,ELAVAGNON,12552,12464,25016,Est-Mono,Elavagnon,TG040502,7.951309,1.34260311,289.61591573,exact_pref
Est-Mono,GBADJAHE,4882,4754,9636,Est-Mono,Gbadjahe,TG040503,7.8529635,1.34766003,164.63660748,exact_pref
Est-Mono,MORETAN,25126,24169,49295,Est-Mono,Moretan,TG040506,8.199399,1.40608624,738.25204025,exact_pref
Est-Mono,BADIN,13681,13198,26879,Est-Mono,Badin,TG040501,8.2542835,1.54327141,495.51673394,exact_pref
Est-Mono,KAMINA,13081,12611,25692,Est-Mono,Kamina,TG040504,8.101369,1.56810809,581.69319712,exact_pref
Est-Mono,NYAMASSILA,7961,8071,16032,Est-Mono,Nyamassila,TG040507,7.9645215,1.20081982,140.46322381,exact_pref
Est-Mono,KPESSI,6046,5864,11910,Est-Mono,Kpessi,TG040505,8.1172915,1.30250948,242.47174788,exact_pref
Tchaoudjo,KOMAH,45650,45956,91606,Tchaoudjo,Komah,TG010506,8.996462,1.16250722,95.50859639,exact_pref
Tchaoudjo,KPARATAO,8332,8256,16588,Tchaoudjo,Kparatao,TG010508,8.9493685,1.24270111,142.0433809,exact_pref
Tchaoudjo,KADAMBARA,11637,11889,23526,Tchaoudjo,Kadambara,TG010503,8.8192765,1.24475762,323.92108263,exact_pref
Tchaoudjo,TCHALO,4393,4478,8871,Tchaoudjo,Tchalo,TG010511,8.967909,0.99545442,217.53714626,exact_pref
Tchaoudjo,KPANGALAM,18218,18897,37115,Tchaoudjo,Kpangalam,TG010507,9.0958355,1.03940413,284.18731645,exact_pref
Tchaoudjo,LAMA-TESSI,12303,12588,24891,Tchaoudjo,Lama-Tessi,TG010510,8.870509,1.08031773,469.86990034,exact_pref
Tchaoudjo,ALEHERIDE,2976,3147,6123,Tchaoudjo,Aleheride/Amaide,TG010502,9.155504,1.15884192,243.50860851,fuzzy
Tchaoudjo,AMAIDE,2138,2200,4338,Tchaoudjo,Aleheride/Amaide,TG010502,9.155504,1.15884192,243.50860851,fuzzy
Tchaoudjo,KEMENI,1460,1416,2876,Tchaoudjo,Kemeni,TG010504,9.1958185,1.2783,117.16222311,exact_pref
Tchaoudjo,KOLINA,2043,2104,4147,Tchaoudjo,Kolina,TG010505,9.0832715,1.17894132,110.34050447,exact_pref
Tchaoudjo,AGOULOU,6788,6926,13714,Tchaoudjo,Agoulou,TG010501,9.1922095,1.36480593,264.11904013,exact_pref
Tchaoudjo,KPASSOUADE,1691,1777,3468,Tchaoudjo,Kpassouade,TG010509,9.039479,1.31353781,80.89558582,exact_pref
Tchaoudjo,WASSARABO,1497,1600,3097,Tchaoudjo,Wassarabo,TG010512,9.003732,1.26140535,46.54084623,exact_pref
Tchamba,TCHAMBA,24189,24203,48392,Tchamba,Tchamba,TG010410,8.992314,1.45483781,285.42107839,exact_pref
Tchamba,ALIBI,5253,5071,10324,Tchamba,Alibi,TG010402,8.8126545,1.36419547,538.54306576,exact_pref
Tchamba,LARNI,3576,3537,7113,Tchamba,Larni,TG010409,9.086152,1.42174337,75.47808576,exact_pref
Tchamba,KRI-KRI (ADJEIDE),3660,3699,7359,Tchamba,Kri-Kri,TG010408,9.2061325,1.45717845,137.52206254,fuzzy
Tchamba,AFFEM,4598,4665,9263,Tchamba,Affem,TG010401,9.122283,1.520651,163.54681059,exact_pref
Tchamba,KOUSSOUNTOU,14294,14049,28343,Tchamba,Koussountou,TG010407,8.8473625,1.49189538,470.07729505,exact_pref
Tchamba,BAGO,18745,17842,36587,Tchamba,Bago,TG010403,8.4394075,1.35288278,367.14003544,exact_pref
Tchamba,KABOLI,15113,15462,30575,Tchamba,Kaboli,TG010406,8.5985825,1.35914417,935.54111888,exact_pref
Tchamba,GOUBI,5514,5331,10845,Tchamba,Goubi,TG010405,8.6302145,1.50340079,154.33528576,exact_pref
Tchamba,BALANKA,6038,5746,11784,Tchamba,Balanka,TG010404,8.8621745,1.60037407,69.73358672,exact_pref
Blitta,BLITTA-GARE,6998,7069,14067,Blitta,Blitta-Gare,TG010104,8.3300805,0.97934442,107.69203187,exact_pref
Blitta,BLITTA VILLAGE,5268,5526,10794,Blitta,Blitta Village,TG010103,8.3272415,1.02893618,62.74797698,exact_pref
Blitta,YALOUMBE,3111,3142,6253,Blitta,Yaloumbe,TG010120,8.3333705,1.09352962,79.87229037,exact_pref
Blitta,TCHALOUDE,4886,4866,9752,Blitta,Tchaloude,TG010114,8.3156445,1.15149277,99.71995109,exact_pref
Blitta,WARAGNI,2401,2555,4956,Blitta,Waragni,TG010118,8.2521635,1.00891483,42.96547975,exact_pref
Blitta,PAGALA-GARE,11669,11443,23112,Blitta,Pagala Gare,TG010112,8.178033,0.99438571,184.09882581,fuzzy
Blitta,DOUFOULI,1309,1296,2605,Blitta,Doufouli,TG010107,8.3049165,0.90768357,144.82694129,exact_pref
Blitta,AGBANDI,5989,6133,12122,Blitta,Agbandi,TG010101,8.2485245,1.15118722,241.46550143,exact_pref
Blitta,LANGABOU,8329,8461,16790,Blitta,Langabou,TG010110,8.1394155,1.16451933,225.58189205,exact_pref
Blitta,KOFFITI,5057,5237,10294,Blitta,Koffiti,TG010109,8.020972,1.14081409,182.82961489,exact_pref
Blitta,TCHARE-BAOU,3717,3592,7309,Blitta,Tchare-Baou,TG010115,8.048226,1.0435529,167.29570238,exact_pref
Blitta,M'POTI,3610,3361,6971,Blitta,M'Poti,TG010111,8.3045665,0.80184987,264.64134095,exact_pref
Blitta,TCHIFAMA,2852,2722,5574,Blitta,Tchifama,TG010116,8.1765545,0.81582476,66.08988293,exact_pref
Blitta,PAGALA-VILLAGE,1800,1754,3554,Blitta,Pagala Village,TG010113,8.186239,0.88832992,94.22241754,fuzzy
Blitta,WELLY,5086,5084,10170,Blitta,Welly,TG010119,8.0535255,0.91580719,294.06409083,exact_pref
Blitta,TINTCHRO,1987,2054,4041,Blitta,Tintchro,TG010117,8.0450105,0.77147694,285.94939215,exact_pref
Blitta,ATCHINTSE,2365,2207,4572,Blitta,Atchintse,TG010102,7.9794325,0.66583934,176.96687904,exact_pref
Blitta,DIGUENGUE,786,737,1523,Blitta,Diguengue,TG010105,8.0641155,0.63998792,97.867113,exact_pref
Blitta,DIKPELEOU,1011,1075,2086,Blitta,Dikpeleou,TG010106,8.183186,0.61447923,27.19956181,exact_pref
Blitta,YEGUE,1763,1709,3472,Blitta,Yegue,TG010121,8.1621405,0.70692491,166.51759461,exact_pref
Blitta,KATCHENKE,1608,1647,3255,Blitta,Katchenke,TG010108,8.253238,0.69626505,115.38520462,exact_pref
Sotouboua,SOTOUBOUA,18336,18807,37143,Sotouboua,Sotouboua,TG010308,8.5575155,0.87444211,579.98169108,exact_pref
Sotouboua,KANIAMBOUA,1070,1120,2190,Sotouboua,Kaniamboua,TG010305,8.604154,1.00262794,31.93987984,exact_pref
Sotouboua,TABINDE,3802,3772,7574,Sotouboua,Tabinde,TG010309,8.5193585,1.13122986,192.42895753,exact_pref
Sotouboua,ADJENGRE,10553,11174,21727,Sotouboua,Adjengere,TG010301,8.688721,0.94175424,292.11041561,fuzzy
Sotouboua,SESSARO,6214,6012,12226,Sotouboua,Sessaro,TG010307,8.5966,1.20114707,135.20138409,exact_pref
Sotouboua,TITIGBE,3532,3598,7130,Sotouboua,Titigbe,TG010311,8.5970955,1.09396735,135.50177375,exact_pref
Sotouboua,KERIADE,1847,1677,3524,,,,,,,unmatched
Sotouboua,FAZAO,1161,1128,2289,Sotouboua,Fazao,TG010304,8.7494845,0.78892313,308.47450577,exact_pref
Sotouboua,AOUDA,8654,8637,17291,Sotouboua,Aouda,TG010302,8.8622735,0.85838223,785.11560193,exact_pref
Sotouboua,TCHEBEBE,8101,8104,16205,Sotouboua,Tchebebe,TG010310,8.4313135,0.83496763,425.34907119,exact_pref
Sotouboua,BODJONDE,1070,1148,2218,Sotouboua,Bodjonde,TG010303,8.442927,1.03279313,57.49714644,exact_pref
Sotouboua,KAZABOUA,4800,4547,9347,Sotouboua,Kazaboua,TG010306,8.420729,1.14280383,202.56353899,exact_pref
Mô,DJARKPANGA,9817,9557,19374,Plaine du Mo,Djarkpanga,TG010202,8.779051,0.52168898,294.45483295,exact_glob
Mô,KAGNIGBARA,2704,2613,5317,Plaine du Mo,Kagnigbara,TG010203,8.9020805,0.64652576,235.54573333,exact_glob
Mô,BOULOHOU,2932,2899,5831,Plaine du Mo,Boulohou,TG010201,8.6852175,0.66243437,343.72523994,exact_glob
Mô,TINDJASSI,7185,7045,14230,Plaine du Mo,Tindjassi,TG010205,8.6576895,0.51378521,304.59722145,exact_glob
Mô,SAIBOUDE,3850,3846,7696,Plaine du Mo,Saiboude,TG010204,8.5680975,0.56789297,76.1509257,exact_glob
Kozah,LAMA,81118,80058,161176,Kozah,Lama,TG020706,9.591018,1.19489025,71.01199063,exact_pref
Kozah,LASSA,6231,6768,12999,Kozah,Lassa,TG020709,9.608007,1.23401773,67.0008606,exact_pref
Kozah,SOUMDINA,4338,4936,9274,Kozah,Somdina,TG020712,9.639526,1.2706104,46.91911379,fuzzy
Kozah,LANDA,4883,5293,10176,Kozah,Landa,TG020707,9.6679565,1.27208708,31.89149616,exact_pref
Kozah,PYA,5983,5415,11398,Kozah,Pya,TG020710,9.6496375,1.11910725,54.42732222,exact_pref
Kozah,KOUMEA,3562,3927,7489,Kozah,Koumea,TG020705,9.713715,1.20418464,50.77520106,exact_pref
Kozah,TCHARE,1115,1186,2301,Kozah,Tchare,TG020713,9.660101,1.17870918,6.9887057,exact_pref
Kozah,BOHOU,3261,3478,6739,Kozah,Bohou,TG020703,9.596143,1.16468957,17.59177619,exact_pref
Kozah,YADE,2019,2282,4301,Kozah,Yade,TG020715,9.595022,1.14526711,19.57570428,exact_pref
Kozah,TCHITCHAO,3909,3518,7427,Kozah,Tchitchao,TG020714,9.5982255,1.09325674,60.56175245,exact_pref
Kozah,SARAKAWA,2902,3147,6049,Kozah,Sarakawa,TG020711,9.616324,1.01117294,87.90679517,exact_pref
Kozah,AWANDJELO,5969,6178,12147,Kozah,Awandjelo,TG020702,9.474899,1.19187122,115.51089427,exact_pref
Kozah,KPINZINDE,5850,5758,11608,Kozah,Landa-Pozenda/Kpinzinde,TG020708,9.494204,1.28570414,146.50040617,fuzzy
Kozah,ATCHANGBADE,8223,8653,16876,Kozah,Atchangbade,TG020701,9.473733,1.10936741,152.07051824,exact_pref
Kozah,DJAMDE,1825,1953,3778,Kozah,Djamde,TG020704,9.490575,1.03201031,157.00643847,exact_pref
Assoli,BAFILO,13763,13275,27038,Assoli,Bafilo,TG020102,9.3669465,1.26114582,155.73833688,exact_pref
Assoli,BOULADE,2683,2701,5384,Assoli,Boulade,TG020103,9.401495,1.21946721,71.13673046,exact_pref
Assoli,DAKO/DAOUDE,4023,3972,7995,Assoli,Dako/Daoude,TG020104,9.3555415,1.05143997,250.51482682,exact_pref
Assoli,ALEDJO,2471,2338,4809,Assoli,Aledjo,TG020101,9.2799335,1.16600181,187.60499906,exact_pref
Assoli,KOUMONDE,2415,2709,5124,Assoli,Koumonde,TG020105,9.2799335,1.27996485,58.65125951,exact_pref
Assoli,SOUDOU,7891,8153,16044,Assoli,Soudou,TG020106,9.3568495,1.34651354,209.46292059,exact_pref
Bassar,BASSAR,23011,22835,45846,Bassar,Bassar,TG020203,9.210879,0.85800527,1285.57790891,exact_pref
Bassar,BAGHAN,6070,5744,11814,Bassar,Baghan,TG020201,8.9820075,0.56207524,473.15921301,exact_pref
Bassar,KALANGA,3700,3699,7399,Bassar,Kalanga,TG020207,9.2734475,0.67252288,122.49660587,exact_pref
Bassar,BANGELI,7878,7693,15571,Bassar,Bangeli,TG020202,9.408098,0.63594437,207.41211323,exact_pref
Bassar,BITCHABE,3661,3481,7142,Bassar,Bitchabe,TG020204,9.3062595,0.5921063,150.30261516,exact_pref
Bassar,DIMORI,6971,6792,13763,Bassar,Dimori,TG020205,9.170561,0.57314702,284.1622148,exact_pref
Bassar,KABOU,13288,13316,26604,Bassar,Kabou,TG020206,9.507899,0.78489463,388.4234365,exact_pref
Bassar,MANGA,3494,3775,7269,Bassar,Manga,TG020208,9.5655165,0.7045408,73.99154392,exact_pref
Bassar,SANDA-KAGBANDA,5234,5408,10642,Bassar,Sanda-Kagbanda,TG020210,9.4909625,0.89275503,271.75138587,exact_pref
Bassar,SANDA-AFOHOU,2928,3087,6015,Bassar,Sanda-Afohou,TG020209,9.476961,0.94465354,197.15201865,exact_pref
Dankpen,GUERIN-KOUKA,23973,24426,48399,Dankpen,Guerin-Kouka,TG020402,9.729194,0.56844487,441.03967507,exact_pref
Dankpen,NAMPOCH,4534,4722,9256,Dankpen,Nampoch,TG020408,9.8183765,0.66274196,123.24542845,exact_pref
Dankpen,KATCHAMBA,4461,4660,9121,Dankpen,Katchamba,TG020403,9.8740735,0.51456723,135.6674787,exact_pref
Dankpen,KOULFIEKOU,4695,4823,9518,Dankpen,Koulfiekou,TG020405,9.9347875,0.41119336,167.93817176,exact_pref
Dankpen,NAMON,4650,4739,9389,Dankpen,Namon,TG020407,9.6956505,0.80803007,141.89661729,exact_pref
Dankpen,NATCHIBORE,5747,5994,11741,Dankpen,Natchibore,TG020410,9.81733,0.78173025,182.02539185,exact_pref
Dankpen,NATCHITIKPI,3750,4094,7844,Dankpen,Natchitikpi,TG020411,9.724028,0.71328196,127.07827984,exact_pref
Dankpen,KOUTCHITCHEOU,1818,1924,3742,Dankpen,Koutchitcheou,TG020406,9.626668,0.76722978,43.17752585,exact_pref
Dankpen,BAPURE,12782,12646,25428,Dankpen,Bapure,TG020401,9.52316,0.58563667,245.63003314,exact_pref
Dankpen,NANDOUTA,6930,7184,14114,Dankpen,Nandouta,TG020409,9.5176335,0.39241666,358.47275677,exact_pref
Dankpen,NAWARE,8976,9277,18253,Dankpen,Naware,TG020412,9.6101805,0.47223812,234.14623215,exact_pref
Dankpen,KIDJABOUN,9251,9606,18857,Dankpen,Kidjaboun,TG020404,9.7710575,0.44159775,340.62671867,exact_pref
Kéran,KANDE,13131,13135,26266,Keran,Kande,TG020604,9.976506,1.07890567,282.69426768,exact_pref
Kéran,AKPONTE,4372,4505,8877,Keran,Akponte,TG020601,10.1891185,0.9066252,215.70366868,exact_pref
Kéran,PESSIDE,4614,4642,9256,Keran,Pesside,TG020608,10.075481,0.85507938,311.09619853,exact_pref
Kéran,ATALOTE,8636,8793,17429,Keran,Atalote,TG020602,9.947946,0.8867311,287.75125566,exact_pref
Kéran,OSSACRE,9747,10095,19842,Keran,Ossacre,TG020607,10.068803,0.74346444,270.62620699,exact_pref
Kéran,HELOTA,7771,8263,16034,Keran,Helota,TG020603,9.9136215,0.74515651,201.44932607,exact_pref
Kéran,NADOBA,9785,10093,19878,Keran,Nadoba,TG020606,10.140751,1.05556653,200.61413622,exact_pref
Kéran,WARENGO,3219,3096,6315,Keran,Warengo,TG020609,10.0819295,1.11147632,68.27792034,exact_pref
Kéran,KOUTOUGOU,2456,2334,4790,Keran,Koutougou,TG020605,10.0600605,1.21473151,179.74854496,exact_pref
Doufelgou,NIAMTOUGOU,3105,3328,6433,Doufelgou,Niamtougou,TG020510,9.7093655,1.02574452,109.15117224,exact_pref
Doufelgou,AGBANDE-YAKA,4299,4616,8915,Doufelgou,Agbandi-Yaka,TG020501,9.6979175,1.09987531,97.05857567,fuzzy
Doufelgou,BAGA,2873,3032,5905,Doufelgou,Baga,TG020503,9.804723,1.10028149,44.35382615,exact_pref
Doufelgou,KOKA,1711,1722,3433,Doufelgou,Koka,TG020506,9.789666,1.14633846,19.74790731,exact_pref
Doufelgou,TENEGA,2033,2270,4303,Doufelgou,Tenega,TG020514,9.8343735,1.14312861,19.47327144,exact_pref
Doufelgou,SIOU,4228,4682,8910,Doufelgou,Siou,TG020512,9.851111,1.20031418,134.27945312,exact_pref
Doufelgou,POUDA,1569,1568,3137,Doufelgou,Pouda,TG020511,9.9046845,1.26039708,41.13421857,exact_pref
Doufelgou,MASSEDENA,1851,1896,3747,Doufelgou,Massedena,TG020509,9.9713175,1.25455257,89.51140067,exact_pref
Doufelgou,DEFALE,3282,3656,6938,Doufelgou,Defale,TG020504,9.8860155,1.07934099,68.40373176,exact_pref
Doufelgou,KPAHA,1812,1880,3692,Doufelgou,Kpaha,TG020507,9.918094,1.14090286,100.75308972,exact_pref
Doufelgou,ANIMA,510,582,1092,,,,,,,unmatched
Doufelgou,KADJALLA,4762,5073,9835,Doufelgou,Kadjalla,TG020505,9.8031745,0.93883608,100.9149605,exact_pref
Doufelgou,TCHORE,1953,2029,3982,Doufelgou,Tchore,TG020513,9.844297,0.94206765,89.46722407,exact_pref
Doufelgou,ALLOUM,4968,5271,10239,Doufelgou,Aloum,TG020502,9.77426,0.9710185,164.71835904,fuzzy
Doufelgou,LEON,2017,2189,4206,Doufelgou,Leon,TG020508,9.6860495,0.93049003,78.5804129,exact_pref
Binah,PAGOUDA,8281,8589,16870,Binah,Pagouda,TG020305,9.758779,1.33448568,132.57974435,exact_pref
Binah,LAMA-DESSI,1959,1973,3932,Binah,Lama-Dessi,TG020304,9.7297905,1.26170989,39.88286514,exact_pref
Binah,PITIKITA,726,758,1484,Binah,Pitikita,TG020307,9.766478,1.2693552,19.2039814,exact_pref
Binah,PESSARE,3092,3237,6329,Binah,Pessare,TG020306,9.807075,1.23120414,66.568406,exact_pref
Binah,BOUFALE,2836,2965,5801,Binah,Boufale,TG020301,9.8547775,1.32313799,55.44773884,exact_pref
Binah,SOLLA,4808,4815,9623,Binah,Sola,TG020309,9.9354245,1.32891529,110.64992863,fuzzy
Binah,KETAO,12632,13177,25809,Binah,Ketao,TG020303,9.6727615,1.32053667,48.82683483,exact_pref
Binah,KEMERIDA,3434,3748,7182,Binah,Kemerida,TG020302,9.6171045,1.3493335,44.31056683,exact_pref
Binah,SIRKA,3517,3652,7169,Binah,Sirka,TG020308,9.542028,1.30838274,63.28803867,exact_pref
Tône,DAPAONG,69801,74910,144711,Tone,Dapaong,TG051602,10.880235,0.19746596,165.31597873,exact_pref
Tône,KOURIENTRE,5805,6419,12224,Tone,Kourientre,TG051605,11.0065525,0.23350296,41.99613422,exact_pref
Tône,POISSONGUI,2971,3184,6155,Tone,Poissongui,TG051614,11.042244,0.20939968,33.59192507,exact_pref
Tône,NATIGOU,5320,5914,11234,Tone,Natigou,TG051611,10.987321,0.26402906,23.72926697,exact_pref
Tône,TOAGA,6432,7062,13494,Tone,Toaga,TG051617,10.890121,0.24742628,41.06436571,exact_pref
Tône,PANA,6290,6989,13279,Tone,Pana,TG051613,10.765686,0.2747161,105.75682376,exact_pref
Tône,BIDJENGA,4967,5679,10646,Tone,Bidjenga,TG051601,10.6997645,0.30357958,42.91778032,exact_pref
Tône,NAKI-OUEST,11193,12823,24016,Tone,Naki-Ouest,TG051608,10.917929,0.06218005,102.61215061,exact_pref
Tône,NAMARE,5695,6408,12103,Tone,Namare,TG051609,10.9706955,0.07232126,51.67101322,exact_pref
Tône,NANERGOU,6640,7420,14060,Tone,Nanergou,TG051610,10.926721,0.14447621,55.35042773,exact_pref
Tône,TAMI,9809,10810,20619,Tone,Tami,TG051616,10.868631,0.04151518,74.56768839,exact_pref
Tône,NIOUKPOURMA,8491,9500,17991,Tone,Nioukpourma,TG051612,10.8380545,0.13685355,75.90694517,exact_pref
Tône,LOTOGOU,6962,7470,14432,Tone,Lotogou/Warkambou,TG051606,10.8304695,-0.00793308,122.6384719,fuzzy
Tône,WARKAMBOU,3467,3767,7234,Tone,Lotogou/Warkambou,TG051606,10.8304695,-0.00793308,122.6384719,fuzzy
Tône,KORBONGOU,12155,13454,25609,Tone,Korbongou,TG051604,10.945408,0.32087691,92.69024857,exact_pref
Tône,LOUANGA,5411,6023,11434,Tone,Louanga,TG051607,10.889621,0.33237456,65.32923762,exact_pref
Tône,KANTINDI,6746,7270,14016,Tone,Kantindi,TG051603,10.91796,0.26895922,82.8000414,exact_pref
Tône,SANFATOUTE,7325,8193,15518,Tone,Sanfatoute,TG051615,11.0149615,0.3116688,41.90709246,exact_pref
Cinkassé,CINKASSE,31288,31938,63226,Cinkasse,Cinkasse,TG051703,11.0828045,0.04032119,34.0791149,exact_pref
Cinkassé,BOADE,3576,3827,7403,Cinkasse,Boade,TG051702,11.108355,-0.05601728,25.04098877,exact_pref
Cinkassé,GNOAGA,785,871,1656,Cinkasse,Gnoaga,TG051704,11.111916,-0.09657142,5.85951685,exact_pref
Cinkassé,GOULOUNGOUSSI,1781,1926,3707,Cinkasse,Gouloungoussi,TG051705,11.117492,-0.12001425,15.00109089,exact_pref
Cinkassé,TIMBOU,10362,11347,21709,Cinkasse,Timbou,TG051708,11.0348575,0.11192466,77.59289448,exact_pref
Cinkassé,SAM-NABA,4280,5081,9361,Cinkasse,Sam-Naba,TG051707,11.0545145,0.14258934,53.56694743,exact_pref
Cinkassé,NADJOUNDI,4817,5323,10140,Cinkasse,Nadjoundi,TG051706,10.99867,0.19407213,27.7251985,exact_pref
Cinkassé,BIANKOURI,5685,6072,11757,Cinkasse,Biankouri,TG051701,11.024749,0.05302916,36.75505652,exact_pref
Kpendjal-Ouest,NAKI-EST,11442,13319,24761,Naki-Ouest,Naki-Est,TG051802,10.727854,0.36684609,267.0533836,exact_glob
Kpendjal-Ouest,NAYEGA,9075,10160,19235,Naki-Ouest,Nayega,TG051804,10.7426595,0.41588119,27.09878879,exact_glob
Kpendjal-Ouest,OGARO,5911,6552,12463,Naki-Ouest,Ogaro,TG051805,10.7739815,0.47819253,116.78989693,exact_glob
Kpendjal-Ouest,POGNO,7368,8080,15448,Naki-Ouest,Pogno,TG051806,10.962097,0.56638646,93.34669235,exact_glob
Kpendjal-Ouest,NAMOUNDJOGA,8507,9389,17896,Naki-Ouest,Namoundjoga,TG051803,10.8984285,0.44563405,197.33483536,exact_glob
Kpendjal-Ouest,TAMBONGA,8835,9874,18709,Naki-Ouest,Tambonga,TG051807,10.939138,0.45331467,36.07859284,exact_glob
Kpendjal-Ouest,PAPRI,7037,7781,14818,Naki-Ouest,Kpendjaga / Papri,TG051801,10.9937475,0.42424631,47.89149136,manual
Kpendjal,MANDOURI,9963,10653,20616,Kpendjal,Mandouri,TG051303,10.885635,0.80339601,372.9438971,exact_pref
Kpendjal,TAMBIGOU,4615,4746,9361,Kpendjal,Tambigou,TG051304,10.744621,0.775575,163.47124125,exact_pref
Kpendjal,KOUNDJOARE,8673,9253,17926,Kpendjal,Koundjoare,TG051302,10.9275,0.6408151,225.79584901,exact_pref
Kpendjal,BORGOU,19784,20678,40462,Kpendjal,Borgou,TG051301,10.762763,0.62208454,630.94795851,exact_pref
Oti-Sud,GANDO,20245,21129,41374,Oti-Sud,Gando,TG051901,10.295577,0.78420746,351.65102478,exact_pref
Oti-Sud,SAGBIEBOU,9931,10439,20370,Oti-Sud,Sagbiebou,TG051906,10.2453485,0.64175279,395.79347515,exact_pref
Oti-Sud,MOGOU,14668,15774,30442,Oti-Sud,Mogou,TG051904,10.4521835,0.65546863,429.8487155,exact_pref
Oti-Sud,TCHAMONGA,6766,7100,13866,Oti-Sud,Tchamonga,TG051908,10.578473,0.74173067,297.50369016,exact_pref
Oti-Sud,TAKPAMBA,6165,6258,12423,Oti-Sud,Takpamba,TG051907,9.9592285,0.58860186,237.91991285,exact_pref
Oti-Sud,NALI,5504,5780,11284,Oti-Sud,Nali,TG051905,10.052864,0.49013636,322.81509301,exact_pref
Oti-Sud,KOUMONGOU,3415,3752,7167,Oti-Sud,Koumongou,TG051902,10.159242,0.5004213,115.78858281,exact_pref
Oti-Sud,KOUNTOIRE,6638,6812,13450,Oti-Sud,Kountoire,TG051903,10.089755,0.62816625,241.61246141,exact_pref
Oti,MANGO,20661,21142,41803,Oti,Mango,TG051405,10.3597985,0.4361702,341.26365717,exact_pref
Oti,SADORI,3915,4185,8100,Oti,Sadori,TG051407,10.248039,0.43698388,156.16488614,exact_pref
Oti,FARE,2175,2401,4576,Oti,Fare,TG051402,10.1739515,0.38409272,48.89351522,exact_pref
Oti,BARKOISSI,9970,11090,21060,Oti,Barkoissi,TG051401,10.584106,0.32986982,51.32388177,exact_pref
Oti,GALANGASHIE,7207,7603,14810,Oti,Galangashie,TG051403,10.485587,0.34012209,445.64436057,exact_pref
Oti,TCHANAGA,4402,4571,8973,Oti,Tchanaga,TG051408,10.533447,0.50644495,266.75963726,exact_pref
Oti,NAGBENI,9368,10239,19607,Oti,Nagbeni,TG051406,10.624315,0.44480919,152.82690267,exact_pref
Oti,LOKO,2940,2979,5919,Oti,Loko,TG051404,10.5111295,0.22895824,78.9787881,exact_pref
Tandjoaré,NANDOGA,2961,3373,6334,Tandjoare,Nandoga,TG051510,10.6344155,0.22949759,47.36131426,exact_pref
Tandjoaré,BOMBOUAKA,5224,5545,10769,Tandjoare,Bombouaka,TG051503,10.717816,0.22336043,64.00603523,exact_pref
Tandjoaré,PLIGOU,3242,3800,7042,Tandjoare,Pligou,TG051512,10.6819795,0.265867,29.628518,exact_pref
Tandjoaré,BOULOGOU,2845,3256,6101,Tandjoare,Boulogou,TG051504,10.642865,0.27392014,39.50900768,exact_pref
Tandjoaré,LOKO,3056,3131,6187,Tandjoare,Loko,TG051507,10.595282,0.25195911,33.12940845,exact_pref
Tandjoaré,TAMONGUE,10502,10903,21405,Tandjoare,Tamongue,TG051515,10.5101335,0.17201678,145.62593603,exact_pref
Tandjoaré,BOGOU,5110,5396,10506,Tandjoare,Bogou,TG051502,10.649995,0.14981096,57.52850037,exact_pref
Tandjoaré,GOUNDOGA,2997,3351,6348,Tandjoare,Goundoga,TG051506,10.7145015,0.16995958,33.71896761,exact_pref
Tandjoaré,NANO,7969,9124,17093,Tandjoare,Nano,TG051511,10.696531,0.09591717,64.05930247,exact_pref
Tandjoaré,DOUKPERGOU,3391,3635,7026,Tandjoare,Doukpergou,TG051505,10.635806,0.05960501,64.94575532,exact_pref
Tandjoaré,LOKPANO,2892,3133,6025,Tandjoare,Lokpano,TG051508,10.594893,0.11913572,71.6258994,exact_pref
Tandjoaré,SANGOU,1266,1354,2620,Tandjoare,Sangou,TG051513,10.5914895,0.06242753,8.86056447,exact_pref
Tandjoaré,MAMPROUGOU,2959,3372,6331,Tandjoare,Mamproug,TG051509,10.6694205,-0.03167076,99.34828477,fuzzy
Tandjoaré,BAGOU,1164,1226,2390,Tandjoare,Bagou,TG051501,10.673332,0.03529779,28.84272315,exact_pref
Tandjoaré,TAMPIALIME,6677,7670,14347,Tandjoare,Tampialime,TG051516,10.752496,0.06671893,109.07977832,exact_pref
Tandjoaré,SISSIAK,3926,4417,8343,Tandjoare,Sissiak,TG051514,10.746446,0.10914865,54.09855855,exact_pref
